<?xml version="1.0" encoding="UTF-8" ?>
<?xml-stylesheet type="text/xsl" href="https://portal.rosreestr.ru/xsl/EGRP/Reestr_Extract_Big/ROOM/07/Common.xsl"?>

<KPOKS xmlns="urn://x-artefacts-rosreestr-ru/outgoing/kpoks/4.0.1"
xmlns:smev="urn://x-artefacts-smev-gov-ru/supplementary/commons/1.0.1"
xmlns:num="urn://x-artefacts-rosreestr-ru/commons/complex-types/numbers/1.0"
xmlns:adrs="urn://x-artefacts-rosreestr-ru/commons/complex-types/address-output/4.0.1"
xmlns:spa="urn://x-artefacts-rosreestr-ru/commons/complex-types/entity-spatial/5.0.1"
xmlns:param="urn://x-artefacts-rosreestr-ru/commons/complex-types/parameters-oks/2.0.1"
xmlns:cer="urn://x-artefacts-rosreestr-ru/commons/complex-types/certification-doc/1.0"
xmlns:doc="urn://x-artefacts-rosreestr-ru/commons/complex-types/document-output/4.0.1"
xmlns:flat="urn://x-artefacts-rosreestr-ru/commons/complex-types/assignation-flat/1.0.1"
xmlns:ch="urn://x-artefacts-rosreestr-ru/commons/complex-types/cultural-heritage/2.0.1">
<Realty>
<Flat CadastralNumber="27:23:0051207:484" State="01"
DateCreated="2012-06-28"
>
<CadastralBlock>27:23:0051207</CadastralBlock>
<ObjectType>002001003000</ObjectType>
<ParentCadastralNumbers>
<CadastralNumberOKS>27:23:0051207:101</CadastralNumberOKS>
</ParentCadastralNumbers>
<OldNumbers>
<num:OldNumber Type="01" Number="15954" />
</OldNumbers>
<Assignation>
<flat:AssignationCode>206002000000</flat:AssignationCode>
<flat:AssignationType>205001000000</flat:AssignationType>
</Assignation>
<Area>66.2</Area>
<Address>
<adrs:OKATO>08401365000</adrs:OKATO>
<adrs:KLADR>27000001000004200</adrs:KLADR>
<adrs:Region>27</adrs:Region>
<adrs:City Name="Хабаровск" Type="г" />
<adrs:Street Name="Артемовская" Type="ул" />
<adrs:Level1 Type="д" Value="128" />
<adrs:Apartment Type="кв" Value="53" />
</Address>
<PositionInObject>
<Levels>
<Level Number="05" Type="01">
<Position NumberOnPlan="53">
</Position>
</Level>
</Levels>
</PositionInObject>
<CadastralCost Value="2458140.39" Unit="383" />
<Rights>
<Right>
<Name>Общая долевая собственность</Name>
<Type>001002000000</Type>
<Owners>
<Owner>
<Person>
<FamilyName>Сенновская</FamilyName>
<FirstName>Лидия</FirstName>
<Patronymic>Владимировна</Patronymic>
</Person>
</Owner>
</Owners>
<Share Numerator="1" Denominator="4" />
<Registration>
<RegNumber>27:23:0051207:484-27/001/2017-1</RegNumber>
<RegDate>2017-06-01</RegDate>
</Registration>
</Right>
<Right>
<Name>Общая долевая собственность</Name>
<Type>001002000000</Type>
<Owners>
<Owner>
<Person>
<FamilyName>Бузаров</FamilyName>
<FirstName>Георгий</FirstName>
<Patronymic>Андреевич</Patronymic>
</Person>
</Owner>
</Owners>
<Share Numerator="1" Denominator="4" />
<Registration>
<RegNumber>27:23:0051207:484-27/001/2017-2</RegNumber>
<RegDate>2017-06-01</RegDate>
</Registration>
</Right>
<Right>
<Name>Общая долевая собственность</Name>
<Type>001002000000</Type>
<Owners>
<Owner>
<Person>
<FamilyName>Сенновская</FamilyName>
<FirstName>Алина</FirstName>
<Patronymic>Викторовна</Patronymic>
</Person>
</Owner>
</Owners>
<Share Numerator="1" Denominator="4" />
<Registration>
<RegNumber>27:23:0051207:484-27/001/2017-3</RegNumber>
<RegDate>2017-06-01</RegDate>
</Registration>
</Right>
<Right>
<Name>Общая долевая собственность</Name>
<Type>001002000000</Type>
<Owners>
<Owner>
<Person>
<FamilyName>Сенновский</FamilyName>
<FirstName>Виктор</FirstName>
<Patronymic>Николаевич</Patronymic>
</Person>
</Owner>
</Owners>
<Share Numerator="1" Denominator="4" />
<Registration>
<RegNumber>27:23:0051207:484-27/001/2017-4</RegNumber>
<RegDate>2017-06-01</RegDate>
</Registration>
</Right>
</Rights>
</Flat>
</Realty>
<CertificationDoc>
<cer:Organization>ФГИС ЕГРН</cer:Organization>
<cer:Date>2017-09-22</cer:Date>
<cer:Number>99/2017/28970970</cer:Number>
</CertificationDoc>
<CoordSystems>
<spa:CoordSystem Name="МСК-27 зона 3" CsId="ID0" />
</CoordSystems>
<eDocument CodeType="112" Version="07" Scope="GKN">
<Sender Kod="00.0.4.195"
Name="ФГИС ЕГРН"
Region="99"
Date_Upload="2017-09-22"
Appointment="Государственный регистратор"
/>
<Recipient Kod="00.0.4.111" Name="Колонтаева Наталья Владимировна" />
</eDocument>
<ReestrExtract>
<DeclarAttribute ID_KUVI="0"
ExtractTypeCode="012000"
ExtractTypeText="Выписка из Единого государственного реестра недвижимости об объекте недвижимости"
ExtractNumber="99/2017/28970970"
ExtractDate="22.09.2017"
RequeryNumber="80-15598817"
RequeryDate="22.09.2017"
ExtractCount="1"
NoticeCount="0"
RefuseCount="0"
Registrator="ФГИС ЕГРН">
<ReceivName>Колонтаева Наталья Владимировна</ReceivName>
<ReceivAdress>не указан</ReceivAdress>
</DeclarAttribute>
<ExtractObjectRight>
<HeadContent>
<ID_REC_KUVI>0</ID_REC_KUVI>
<Title>ФЕДЕРАЛЬНАЯ СЛУЖБА ГОСУДАРСТВЕННОЙ РЕГИСТРАЦИИ, КАДАСТРА И КАРТОГРАФИИ</Title>
<DeptName>ФГИС ЕГРН</DeptName>
<ExtractTitle>Выписка из Единого государственного реестра недвижимости об объекте недвижимости</ExtractTitle>
<Content>На основании запроса от 22.09.2017 г., поступившего на рассмотрение 22.09.2017 г., сообщаем, что согласно записям Единого государственного реестра недвижимости:</Content>
</HeadContent>
<ExtractObject>
<ObjectRight>
<Right RightNumber="1">
<Owner >
<ID_Subject>134359576427</ID_Subject>
<Person>
<Code_SP>007003000000</Code_SP>
<Content>Сенновская Лидия Владимировна</Content>
<FIO>
<Surname>Сенновская</Surname>
<First>Лидия</First>
<Patronymic>Владимировна</Patronymic>
</FIO>
</Person>
</Owner>
<Registration >
<ID_Record>137971393327</ID_Record>
<RegNumber>27:23:0051207:484-27/001/2017-1</RegNumber>
<Type>001002000000</Type>
<Name>Долевая собственность, № 27:23:0051207:484-27/001/2017-1 от 01.06.2017, 1/4</Name>
<RegDate>01.06.2017</RegDate>
<ShareText>1/4</ShareText>
</Registration>
<NoEncumbrance>не зарегистрировано</NoEncumbrance>
</Right>
<Right RightNumber="2">
<Owner >
<ID_Subject>137971396027</ID_Subject>
<Person>
<Code_SP>007003000000</Code_SP>
<Content>Сенновский Виктор Николаевич</Content>
<FIO>
<Surname>Сенновский</Surname>
<First>Виктор</First>
<Patronymic>Николаевич</Patronymic>
</FIO>
</Person>
</Owner>
<Registration >
<ID_Record>137971395327</ID_Record>
<RegNumber>27:23:0051207:484-27/001/2017-4</RegNumber>
<Type>001002000000</Type>
<Name>Долевая собственность, № 27:23:0051207:484-27/001/2017-4 от 01.06.2017, 1/4</Name>
<RegDate>01.06.2017</RegDate>
<ShareText>1/4</ShareText>
</Registration>
<NoEncumbrance>не зарегистрировано</NoEncumbrance>
</Right>
<Right RightNumber="3">
<Owner >
<ID_Subject>134359575227</ID_Subject>
<Person>
<Code_SP>007003000000</Code_SP>
<Content>Сенновская Алина Викторовна</Content>
<FIO>
<Surname>Сенновская</Surname>
<First>Алина</First>
<Patronymic>Викторовна</Patronymic>
</FIO>
</Person>
</Owner>
<Registration >
<ID_Record>137971394727</ID_Record>
<RegNumber>27:23:0051207:484-27/001/2017-3</RegNumber>
<Type>001002000000</Type>
<Name>Долевая собственность, № 27:23:0051207:484-27/001/2017-3 от 01.06.2017, 1/4</Name>
<RegDate>01.06.2017</RegDate>
<ShareText>1/4</ShareText>
</Registration>
<NoEncumbrance>не зарегистрировано</NoEncumbrance>
</Right>
<Right RightNumber="4">
<Owner >
<ID_Subject>134359574027</ID_Subject>
<Person>
<Code_SP>007003000000</Code_SP>
<Content>Бузаров Георгий Андреевич</Content>
<FIO>
<Surname>Бузаров</Surname>
<First>Георгий</First>
<Patronymic>Андреевич</Patronymic>
</FIO>
</Person>
</Owner>
<Registration >
<ID_Record>137971393927</ID_Record>
<RegNumber>27:23:0051207:484-27/001/2017-2</RegNumber>
<Type>001002000000</Type>
<Name>Долевая собственность, № 27:23:0051207:484-27/001/2017-2 от 01.06.2017, 1/4</Name>
<RegDate>01.06.2017</RegDate>
<ShareText>1/4</ShareText>
</Registration>
<NoEncumbrance>не зарегистрировано</NoEncumbrance>
</Right>
<NoShareHolding>не зарегистрировано</NoShareHolding>
</ObjectRight>
<RightAssert>данные отсутствуют</RightAssert>
<RightClaim>данные отсутствуют</RightClaim>
<RightAgainst>данные отсутствуют</RightAgainst>
<RightSteal>данные отсутствуют</RightSteal>
<WithoutThirdParty>данные отсутствуют</WithoutThirdParty>
<InabilityRegWithoutOwner></InabilityRegWithoutOwner>
<InabilityRegZU></InabilityRegZU>
</ExtractObject>
<InfoENK/>
<InfoPIK/>
<FootContent>
<Recipient>Колонтаева Наталья Владимировна</Recipient>
<ExtractDate>22.09.2017</ExtractDate>
<Content></Content>
</FootContent>
</ExtractObjectRight>
</ReestrExtract>
</KPOKS>