<?xml version="1.0" encoding="UTF-8" ?>
<?xml-stylesheet type="text/xsl" href="https://portal.rosreestr.ru/xsl/EGRP/Reestr_Extract_Big/ROOM/07/Common.xsl"?>

<KPOKS xmlns="urn://x-artefacts-rosreestr-ru/outgoing/kpoks/4.0.1"
xmlns:smev="urn://x-artefacts-smev-gov-ru/supplementary/commons/1.0.1"
xmlns:num="urn://x-artefacts-rosreestr-ru/commons/complex-types/numbers/1.0"
xmlns:adrs="urn://x-artefacts-rosreestr-ru/commons/complex-types/address-output/4.0.1"
xmlns:spa="urn://x-artefacts-rosreestr-ru/commons/complex-types/entity-spatial/5.0.1"
xmlns:param="urn://x-artefacts-rosreestr-ru/commons/complex-types/parameters-oks/2.0.1"
xmlns:cer="urn://x-artefacts-rosreestr-ru/commons/complex-types/certification-doc/1.0"
xmlns:doc="urn://x-artefacts-rosreestr-ru/commons/complex-types/document-output/4.0.1"
xmlns:flat="urn://x-artefacts-rosreestr-ru/commons/complex-types/assignation-flat/1.0.1"
xmlns:ch="urn://x-artefacts-rosreestr-ru/commons/complex-types/cultural-heritage/2.0.1">
<Realty>
<Flat CadastralNumber="27:23:0051205:751" State="01"
DateCreated="2012-06-28"
>
<CadastralBlock>27:23:0051205</CadastralBlock>
<ObjectType>002001003000</ObjectType>
<ParentCadastralNumbers>
<CadastralNumberOKS>27:23:0051205:76</CadastralNumberOKS>
</ParentCadastralNumbers>
<OldNumbers>
<num:OldNumber Type="01" Number="15959" />
</OldNumbers>
<Assignation>
<flat:AssignationCode>206002000000</flat:AssignationCode>
<flat:AssignationType>205001000000</flat:AssignationType>
</Assignation>
<Area>47.3</Area>
<Address>
<adrs:OKATO>08401365000</adrs:OKATO>
<adrs:KLADR>27000001000040800</adrs:KLADR>
<adrs:Region>27</adrs:Region>
<adrs:City Name="Хабаровск" Type="г" />
<adrs:Street Name="Краснореченский" Type="пер" />
<adrs:Level1 Type="д" Value="6" />
<adrs:Apartment Type="кв" Value="87" />
</Address>
<PositionInObject>
<Levels>
<Level Number="04" Type="01">
<Position NumberOnPlan="87">
</Position>
</Level>
</Levels>
</PositionInObject>
<CadastralCost Value="1663390.11" Unit="383" />
<Rights>
<Right>
<Name>Общая долевая собственность</Name>
<Type>001002000000</Type>
<Owners>
<Owner>
<Person>
<FamilyName>Жукова</FamilyName>
<FirstName>Марина</FirstName>
<Patronymic>Геннадьевна</Patronymic>
</Person>
</Owner>
</Owners>
<Share Numerator="1" Denominator="3" />
<Registration>
<RegNumber>27-27-01/051/2007-229</RegNumber>
<RegDate>2007-06-27</RegDate>
</Registration>
</Right>
<Right>
<Name>Общая долевая собственность</Name>
<Type>001002000000</Type>
<Owners>
<Owner>
<Person>
<FamilyName>Жукова</FamilyName>
<FirstName>Анастасия</FirstName>
<Patronymic>Витальевна</Patronymic>
</Person>
</Owner>
</Owners>
<Share Numerator="1" Denominator="3" />
<Registration>
<RegNumber>27-27-01/051/2007-229</RegNumber>
<RegDate>2007-06-27</RegDate>
</Registration>
</Right>
<Right>
<Name>Общая долевая собственность</Name>
<Type>001002000000</Type>
<Owners>
<Owner>
<Person>
<FamilyName>Жуков</FamilyName>
<FirstName>Виталий</FirstName>
<Patronymic>Александрович</Patronymic>
</Person>
</Owner>
</Owners>
<Share Numerator="1" Denominator="3" />
<Registration>
<RegNumber>27-27-01/051/2007-229</RegNumber>
<RegDate>2007-06-27</RegDate>
</Registration>
</Right>
</Rights>
<Encumbrances>
<Encumbrance>
<Type>022008000000</Type>
<OwnersRestrictionInFavorem>
<OwnerRestrictionInFavorem>
<Organization>
<Name>Открытое акционерное общество &quot;Дальневосточный ипотечный центр&quot;</Name>
</Organization>
</OwnerRestrictionInFavorem>
</OwnersRestrictionInFavorem>
<Registration>
<RegNumber>27-27-01/051/2007-229</RegNumber>
<RegDate>2007-06-27</RegDate>
</Registration>
</Encumbrance>
</Encumbrances>
</Flat>
</Realty>
<CertificationDoc>
<cer:Organization>ФГИС ЕГРН</cer:Organization>
<cer:Date>2017-09-27</cer:Date>
<cer:Number>99/2017/29384730</cer:Number>
</CertificationDoc>
<CoordSystems>
<spa:CoordSystem Name="МСК-27 зона 3" CsId="ID0" />
</CoordSystems>
<eDocument CodeType="112" Version="07" Scope="GKN">
<Sender Kod="00.0.4.195"
Name="ФГИС ЕГРН"
Region="99"
Date_Upload="2017-09-27"
Appointment="Государственный регистратор"
/>
<Recipient Kod="00.0.4.111" Name="Колонтаева Наталья Владимировна" />
</eDocument>
<ReestrExtract>
<DeclarAttribute ID_KUVI="0"
ExtractTypeCode="012000"
ExtractTypeText="Выписка из Единого государственного реестра недвижимости об объекте недвижимости"
ExtractNumber="99/2017/29384730"
ExtractDate="27.09.2017"
RequeryNumber="80-15949799"
RequeryDate="27.09.2017"
ExtractCount="1"
NoticeCount="0"
RefuseCount="0"
Registrator="ФГИС ЕГРН">
<ReceivName>Колонтаева Наталья Владимировна</ReceivName>
<ReceivAdress>не указан</ReceivAdress>
</DeclarAttribute>
<ExtractObjectRight>
<HeadContent>
<ID_REC_KUVI>0</ID_REC_KUVI>
<Title>ФЕДЕРАЛЬНАЯ СЛУЖБА ГОСУДАРСТВЕННОЙ РЕГИСТРАЦИИ, КАДАСТРА И КАРТОГРАФИИ</Title>
<DeptName>ФГИС ЕГРН</DeptName>
<ExtractTitle>Выписка из Единого государственного реестра недвижимости об объекте недвижимости</ExtractTitle>
<Content>На основании запроса от 27.09.2017 г., поступившего на рассмотрение 27.09.2017 г., сообщаем, что согласно записям Единого государственного реестра недвижимости:</Content>
</HeadContent>
<ExtractObject>
<ObjectRight>
<Right RightNumber="1">
<Owner >
<ID_Subject>130787907227</ID_Subject>
<Person>
<Code_SP>007003000000</Code_SP>
<Content>Жуков Виталий Александрович</Content>
<FIO>
<Surname>Жуков</Surname>
<First>Виталий</First>
<Patronymic>Александрович</Patronymic>
</FIO>
</Person>
</Owner>
<Registration >
<ID_Record>130787906527</ID_Record>
<RegNumber>27-27-01/051/2007-229</RegNumber>
<Type>001002000000</Type>
<Name>Долевая собственность, № 27-27-01/051/2007-229 от 27.06.2007, 1/3</Name>
<RegDate>27.06.2007</RegDate>
<ShareText>1/3</ShareText>
</Registration>
<Encumbrance>
<ID_Record>130787912327</ID_Record>
<RegNumber>27-27-01/051/2007-229</RegNumber>
<Type>022008000000</Type>
<Name>Залог в силу закона</Name>
<ShareText>весь объект
</ShareText>
<RegDate>27.06.2007</RegDate>
<Owner >
<ID_Subject>16264909127</ID_Subject>
<Organization>
<Code_SP>007002000000</Code_SP>
<Content>Акционерное общество &quot;ДВИЦ Ипотечный центр&quot;, ИНН: 2536134842</Content>
<Name>Акционерное общество &quot;ДВИЦ Ипотечный центр&quot;</Name>
<INN>2536134842</INN>
</Organization>
</Owner>
<DocFound>
<ID_Document>130787907027</ID_Document>
<Content>Договор купли-продажи квартиры (ипотека в силу закона) oт 22.06.2007г., дата регистрации 27.06.2007г., №27-27-01/051/2007-228</Content>
<Type_Document>010003007000</Type_Document>
<Name>Договор купли-продажи квартиры (ипотека в силу закона)</Name>
<Number>б/н</Number>
<Date>22.06.2007</Date>
</DocFound>
<DocFound>
<ID_Document>130787912627</ID_Document>
<Content>Договор займа №913 oт 18.06.2007г</Content>
<Type_Document>010003008000</Type_Document>
<Name>Договор займа</Name>
<Number>913</Number>
<Date>18.06.2007</Date>
</DocFound>
</Encumbrance>
</Right>
<Right RightNumber="2">
<Owner >
<ID_Subject>130787909227</ID_Subject>
<Person>
<Code_SP>007003000000</Code_SP>
<Content>Жукова Марина Геннадьевна</Content>
<FIO>
<Surname>Жукова</Surname>
<First>Марина</First>
<Patronymic>Геннадьевна</Patronymic>
</FIO>
</Person>
</Owner>
<Registration >
<ID_Record>130787908627</ID_Record>
<RegNumber>27-27-01/051/2007-229</RegNumber>
<Type>001002000000</Type>
<Name>Долевая собственность, № 27-27-01/051/2007-229 от 27.06.2007, 1/3</Name>
<RegDate>27.06.2007</RegDate>
<ShareText>1/3</ShareText>
</Registration>
<Encumbrance>
<ID_Record>130787912327</ID_Record>
<RegNumber>27-27-01/051/2007-229</RegNumber>
<Type>022008000000</Type>
<Name>Залог в силу закона</Name>
<ShareText>весь объект
</ShareText>
<RegDate>27.06.2007</RegDate>
<Owner >
<ID_Subject>16264909127</ID_Subject>
<Organization>
<Code_SP>007002000000</Code_SP>
<Content>Акционерное общество &quot;ДВИЦ Ипотечный центр&quot;, ИНН: 2536134842</Content>
<Name>Акционерное общество &quot;ДВИЦ Ипотечный центр&quot;</Name>
<INN>2536134842</INN>
</Organization>
</Owner>
<DocFound>
<ID_Document>130787907027</ID_Document>
<Content>Договор купли-продажи квартиры (ипотека в силу закона) oт 22.06.2007г., дата регистрации 27.06.2007г., №27-27-01/051/2007-228</Content>
<Type_Document>010003007000</Type_Document>
<Name>Договор купли-продажи квартиры (ипотека в силу закона)</Name>
<Number>б/н</Number>
<Date>22.06.2007</Date>
</DocFound>
<DocFound>
<ID_Document>130787912627</ID_Document>
<Content>Договор займа №913 oт 18.06.2007г</Content>
<Type_Document>010003008000</Type_Document>
<Name>Договор займа</Name>
<Number>913</Number>
<Date>18.06.2007</Date>
</DocFound>
</Encumbrance>
</Right>
<Right RightNumber="3">
<Owner >
<ID_Subject>130787908227</ID_Subject>
<Person>
<Code_SP>007003000000</Code_SP>
<Content>Жукова Анастасия Витальевна</Content>
<FIO>
<Surname>Жукова</Surname>
<First>Анастасия</First>
<Patronymic>Витальевна</Patronymic>
</FIO>
</Person>
</Owner>
<Registration >
<ID_Record>130787907627</ID_Record>
<RegNumber>27-27-01/051/2007-229</RegNumber>
<Type>001002000000</Type>
<Name>Долевая собственность, № 27-27-01/051/2007-229 от 27.06.2007, 1/3</Name>
<RegDate>27.06.2007</RegDate>
<ShareText>1/3</ShareText>
</Registration>
<Encumbrance>
<ID_Record>130787912327</ID_Record>
<RegNumber>27-27-01/051/2007-229</RegNumber>
<Type>022008000000</Type>
<Name>Залог в силу закона</Name>
<ShareText>весь объект
</ShareText>
<RegDate>27.06.2007</RegDate>
<Owner >
<ID_Subject>16264909127</ID_Subject>
<Organization>
<Code_SP>007002000000</Code_SP>
<Content>Акционерное общество &quot;ДВИЦ Ипотечный центр&quot;, ИНН: 2536134842</Content>
<Name>Акционерное общество &quot;ДВИЦ Ипотечный центр&quot;</Name>
<INN>2536134842</INN>
</Organization>
</Owner>
<DocFound>
<ID_Document>130787907027</ID_Document>
<Content>Договор купли-продажи квартиры (ипотека в силу закона) oт 22.06.2007г., дата регистрации 27.06.2007г., №27-27-01/051/2007-228</Content>
<Type_Document>010003007000</Type_Document>
<Name>Договор купли-продажи квартиры (ипотека в силу закона)</Name>
<Number>б/н</Number>
<Date>22.06.2007</Date>
</DocFound>
<DocFound>
<ID_Document>130787912627</ID_Document>
<Content>Договор займа №913 oт 18.06.2007г</Content>
<Type_Document>010003008000</Type_Document>
<Name>Договор займа</Name>
<Number>913</Number>
<Date>18.06.2007</Date>
</DocFound>
</Encumbrance>
</Right>
<NoShareHolding>не зарегистрировано</NoShareHolding>
</ObjectRight>
<RightAssert>данные отсутствуют</RightAssert>
<RightClaim>данные отсутствуют</RightClaim>
<RightAgainst>данные отсутствуют</RightAgainst>
<RightSteal>данные отсутствуют</RightSteal>
<WithoutThirdParty>данные отсутствуют</WithoutThirdParty>
<InabilityRegWithoutOwner></InabilityRegWithoutOwner>
<InabilityRegZU></InabilityRegZU>
</ExtractObject>
<InfoENK/>
<InfoPIK/>
<FootContent>
<Recipient>Колонтаева Наталья Владимировна</Recipient>
<ExtractDate>27.09.2017</ExtractDate>
<Content></Content>
</FootContent>
</ExtractObjectRight>
</ReestrExtract>
</KPOKS>