<?xml version="1.0" encoding="UTF-8" ?>
<?xml-stylesheet type="text/xsl" href="https://portal.rosreestr.ru/xsl/EGRP/Reestr_Extract_Big/ROOM/07/Common.xsl"?>

<KPOKS xmlns="urn://x-artefacts-rosreestr-ru/outgoing/kpoks/4.0.1"
xmlns:smev="urn://x-artefacts-smev-gov-ru/supplementary/commons/1.0.1"
xmlns:num="urn://x-artefacts-rosreestr-ru/commons/complex-types/numbers/1.0"
xmlns:adrs="urn://x-artefacts-rosreestr-ru/commons/complex-types/address-output/4.0.1"
xmlns:spa="urn://x-artefacts-rosreestr-ru/commons/complex-types/entity-spatial/5.0.1"
xmlns:param="urn://x-artefacts-rosreestr-ru/commons/complex-types/parameters-oks/2.0.1"
xmlns:cer="urn://x-artefacts-rosreestr-ru/commons/complex-types/certification-doc/1.0"
xmlns:doc="urn://x-artefacts-rosreestr-ru/commons/complex-types/document-output/4.0.1"
xmlns:flat="urn://x-artefacts-rosreestr-ru/commons/complex-types/assignation-flat/1.0.1"
xmlns:ch="urn://x-artefacts-rosreestr-ru/commons/complex-types/cultural-heritage/2.0.1">
<Realty>
<Flat CadastralNumber="27:23:0050722:145" State="01"
DateCreated="2012-06-28"
>
<CadastralBlock>27:23:0050722</CadastralBlock>
<ObjectType>002001003000</ObjectType>
<ParentCadastralNumbers>
<CadastralNumberOKS>27:23:0050722:28</CadastralNumberOKS>
</ParentCadastralNumbers>
<OldNumbers>
<num:OldNumber Type="01" Number="11889" />
</OldNumbers>
<Assignation>
<flat:AssignationCode>206002000000</flat:AssignationCode>
<flat:AssignationType>205001000000</flat:AssignationType>
</Assignation>
<Area>42.5</Area>
<Address>
<adrs:OKATO>08401365000</adrs:OKATO>
<adrs:KLADR>27000001000083000</adrs:KLADR>
<adrs:Region>27</adrs:Region>
<adrs:City Name="Хабаровск" Type="г" />
<adrs:Street Name="Союзная" Type="ул" />
<adrs:Level1 Type="д" Value="66" />
<adrs:Apartment Type="кв" Value="40" />
</Address>
<PositionInObject>
<Levels>
<Level Number="05" Type="01">
<Position NumberOnPlan="40">
</Position>
</Level>
</Levels>
</PositionInObject>
<CadastralCost Value="1837189.57" Unit="383" />
<Rights>
<Right>
<Name>Собственность</Name>
<Type>001001000000</Type>
<Owners>
<Owner>
<Person>
<FamilyName>Кузьменко</FamilyName>
<FirstName>Ольга</FirstName>
<Patronymic>Борисовна</Patronymic>
</Person>
</Owner>
</Owners>
<Registration>
<RegNumber>27-27-01/090/2007-872</RegNumber>
<RegDate>2007-11-23</RegDate>
</Registration>
</Right>
</Rights>
<Encumbrances>
<Encumbrance>
<Type>022007000000</Type>
<OwnersRestrictionInFavorem>
<OwnerRestrictionInFavorem>
<Organization>
<Name>Закрытое акционерное общество &quot;КБ ДельтаКредит&quot;</Name>
</Organization>
</OwnerRestrictionInFavorem>
</OwnersRestrictionInFavorem>
<Registration>
<RegNumber>27-27-01/090/2007-872</RegNumber>
<RegDate>2008-02-05</RegDate>
</Registration>
</Encumbrance>
</Encumbrances>
</Flat>
</Realty>
<CertificationDoc>
<cer:Organization>ФГИС ЕГРН</cer:Organization>
<cer:Date>2017-09-24</cer:Date>
<cer:Number>99/2017/29048556</cer:Number>
</CertificationDoc>
<CoordSystems>
<spa:CoordSystem Name="МСК-27 зона 3" CsId="ID0" />
</CoordSystems>
<eDocument CodeType="112" Version="07" Scope="GKN">
<Sender Kod="00.0.4.195"
Name="ФГИС ЕГРН"
Region="99"
Date_Upload="2017-09-24"
Appointment="Государственный регистратор"
/>
<Recipient Kod="00.0.4.111" Name="Колонтаева Наталья Владимировна" />
</eDocument>
<ReestrExtract>
<DeclarAttribute ID_KUVI="0"
ExtractTypeCode="012000"
ExtractTypeText="Выписка из Единого государственного реестра недвижимости об объекте недвижимости"
ExtractNumber="99/2017/29048556"
ExtractDate="24.09.2017"
RequeryNumber="80-15653260"
RequeryDate="24.09.2017"
ExtractCount="1"
NoticeCount="0"
RefuseCount="0"
Registrator="ФГИС ЕГРН">
<ReceivName>Колонтаева Наталья Владимировна</ReceivName>
<ReceivAdress>не указан</ReceivAdress>
</DeclarAttribute>
<ExtractObjectRight>
<HeadContent>
<ID_REC_KUVI>0</ID_REC_KUVI>
<Title>ФЕДЕРАЛЬНАЯ СЛУЖБА ГОСУДАРСТВЕННОЙ РЕГИСТРАЦИИ, КАДАСТРА И КАРТОГРАФИИ</Title>
<DeptName>ФГИС ЕГРН</DeptName>
<ExtractTitle>Выписка из Единого государственного реестра недвижимости об объекте недвижимости</ExtractTitle>
<Content>На основании запроса от 24.09.2017 г., поступившего на рассмотрение 24.09.2017 г., сообщаем, что согласно записям Единого государственного реестра недвижимости:</Content>
</HeadContent>
<ExtractObject>
<ObjectRight>
<Right RightNumber="1">
<Owner >
<ID_Subject>19719314227</ID_Subject>
<Person>
<Code_SP>007003000000</Code_SP>
<Content>Кузьменко Ольга Борисовна</Content>
<FIO>
<Surname>Кузьменко</Surname>
<First>Ольга</First>
<Patronymic>Борисовна</Patronymic>
</FIO>
</Person>
</Owner>
<Registration >
<ID_Record>129413470427</ID_Record>
<RegNumber>27-27-01/090/2007-872</RegNumber>
<Type>001001000000</Type>
<Name>Собственность, № 27-27-01/090/2007-872 от 23.11.2007</Name>
<RegDate>23.11.2007</RegDate>
</Registration>
<Encumbrance>
<ID_Record>129413473027</ID_Record>
<RegNumber>27-27-01/090/2007-872</RegNumber>
<Type>022007000000</Type>
<Name>Ипотека</Name>
<ShareText>весь объект
</ShareText>
<RegDate>05.02.2008</RegDate>
<Owner >
<ID_Subject>16262615127</ID_Subject>
<Organization>
<Code_SP>007002000000</Code_SP>
<Content>Акционерное общество &quot;Коммерческий банк ДельтаКредит&quot;, ИНН: 7705285534</Content>
<Name>Акционерное общество &quot;Коммерческий банк ДельтаКредит&quot;</Name>
<INN>7705285534</INN>
</Organization>
</Owner>
<DocFound>
<ID_Document>129413470927</ID_Document>
<Content>Договор купли-продажи квартиры с использованием кредитных средств №159307-КП oт 21.11.2007г., дата регистрации 23.11.2007г., №27-27-01/090/2007-871</Content>
<Type_Document>010003007000</Type_Document>
<Name>Договор купли-продажи квартиры с использованием кредитных средств</Name>
<Number>159307-КП</Number>
<Date>21.11.2007</Date>
</DocFound>
<DocFound>
<ID_Document>129413472727</ID_Document>
<Content>Кредитный договор №159307 oт 21.11.2007г</Content>
<Type_Document>010005003000</Type_Document>
<Name>Кредитный договор</Name>
<Number>159307</Number>
<Date>21.11.2007</Date>
</DocFound>
<DocFound>
<ID_Document>129413473427</ID_Document>
<Content>договор передачи прав по закладной №159307- КД oт 26.12.2007г</Content>
<Type_Document>010003007000</Type_Document>
<Name>договор передачи прав по закладной</Name>
<Number>159307- КД</Number>
<Date>26.12.2007</Date>
</DocFound>
</Encumbrance>
</Right>
<NoShareHolding>не зарегистрировано</NoShareHolding>
</ObjectRight>
<RightAssert>данные отсутствуют</RightAssert>
<RightClaim>данные отсутствуют</RightClaim>
<RightAgainst>данные отсутствуют</RightAgainst>
<RightSteal>данные отсутствуют</RightSteal>
<WithoutThirdParty>данные отсутствуют</WithoutThirdParty>
<InabilityRegWithoutOwner></InabilityRegWithoutOwner>
<InabilityRegZU></InabilityRegZU>
</ExtractObject>
<InfoENK/>
<InfoPIK/>
<FootContent>
<Recipient>Колонтаева Наталья Владимировна</Recipient>
<ExtractDate>24.09.2017</ExtractDate>
<Content></Content>
</FootContent>
</ExtractObjectRight>
</ReestrExtract>
</KPOKS>