<?xml version="1.0" encoding="UTF-8" ?>
<?xml-stylesheet type="text/xsl" href="https://portal.rosreestr.ru/xsl/EGRP/Reestr_Extract_Big/ROOM/07/Common.xsl"?>

<KPOKS xmlns="urn://x-artefacts-rosreestr-ru/outgoing/kpoks/4.0.1"
xmlns:smev="urn://x-artefacts-smev-gov-ru/supplementary/commons/1.0.1"
xmlns:num="urn://x-artefacts-rosreestr-ru/commons/complex-types/numbers/1.0"
xmlns:adrs="urn://x-artefacts-rosreestr-ru/commons/complex-types/address-output/4.0.1"
xmlns:spa="urn://x-artefacts-rosreestr-ru/commons/complex-types/entity-spatial/5.0.1"
xmlns:param="urn://x-artefacts-rosreestr-ru/commons/complex-types/parameters-oks/2.0.1"
xmlns:cer="urn://x-artefacts-rosreestr-ru/commons/complex-types/certification-doc/1.0"
xmlns:doc="urn://x-artefacts-rosreestr-ru/commons/complex-types/document-output/4.0.1"
xmlns:flat="urn://x-artefacts-rosreestr-ru/commons/complex-types/assignation-flat/1.0.1"
xmlns:ch="urn://x-artefacts-rosreestr-ru/commons/complex-types/cultural-heritage/2.0.1">
<Realty>
<Flat CadastralNumber="27:17:0301301:385" State="01"
DateCreated="2012-06-28"
>
<CadastralBlock>27:17:0301301</CadastralBlock>
<ObjectType>002001003000</ObjectType>
<ParentCadastralNumbers>
<CadastralNumberOKS>27:17:0301301:228</CadastralNumberOKS>
</ParentCadastralNumbers>
<OldNumbers>
<num:OldNumber Type="01" Number="1" />
</OldNumbers>
<Assignation>
<flat:AssignationCode>206002000000</flat:AssignationCode>
<flat:AssignationType>205001000000</flat:AssignationType>
</Assignation>
<Area>45.9</Area>
<Address>
<adrs:OKATO>08255000028</adrs:OKATO>
<adrs:KLADR>27018000025000800</adrs:KLADR>
<adrs:Region>27</adrs:Region>
<adrs:District Name="Хабаровский" Type="р-н" />
<adrs:Locality Name="Калинка" Type="с" />
<adrs:Street Name="Молодежная" Type="ул" />
<adrs:Level1 Type="д" Value="6" />
<adrs:Apartment Type="кв" Value="67" />
</Address>
<PositionInObject>
<Levels>
<Level Number="03" Type="01">
<Position NumberOnPlan="67">
</Position>
</Level>
</Levels>
</PositionInObject>
<CadastralCost Value="887594.46" Unit="383" />
<Rights>
<Right>
<Name>Общая долевая собственность</Name>
<Type>001002000000</Type>
<Owners>
<Owner>
<Person>
<FamilyName>Драгоруб</FamilyName>
<FirstName>Иван</FirstName>
<Patronymic>Иванович</Patronymic>
</Person>
</Owner>
</Owners>
<Share Numerator="9" Denominator="10" />
<Registration>
<RegNumber>27-27-01/087/2011-744</RegNumber>
<RegDate>2011-07-15</RegDate>
</Registration>
</Right>
<Right>
<Name>Общая долевая собственность</Name>
<Type>001002000000</Type>
<Owners>
<Owner>
<Person>
<FamilyName>Савельева</FamilyName>
<FirstName>Яна</FirstName>
<Patronymic>Юрьевна</Patronymic>
</Person>
</Owner>
</Owners>
<Share Numerator="1" Denominator="10" />
<Registration>
<RegNumber>27-27-01/087/2011-744</RegNumber>
<RegDate>2011-07-15</RegDate>
</Registration>
</Right>
</Rights>
<Encumbrances>
<Encumbrance>
<Type>022008000000</Type>
<OwnersRestrictionInFavorem>
<OwnerRestrictionInFavorem>
<Organization>
<Name>Открытое акционерное общество &quot;Дальневосточный ипотечный центр&quot;</Name>
</Organization>
</OwnerRestrictionInFavorem>
</OwnersRestrictionInFavorem>
<Registration>
<RegNumber>27-27-01/087/2011-744</RegNumber>
<RegDate>2011-07-15</RegDate>
</Registration>
</Encumbrance>
</Encumbrances>
</Flat>
</Realty>
<CertificationDoc>
<cer:Organization>ФГИС ЕГРН</cer:Organization>
<cer:Date>2017-10-26</cer:Date>
<cer:Number>99/2017/32688432</cer:Number>
</CertificationDoc>
<CoordSystems>
<spa:CoordSystem Name="МСК-27 зона 3" CsId="ID0" />
</CoordSystems>
<eDocument CodeType="112" Version="07" Scope="GKN">
<Sender Kod="00.0.4.195"
Name="ФГИС ЕГРН"
Region="99"
Date_Upload="2017-10-26"
Appointment="Государственный регистратор"
/>
<Recipient Kod="00.0.4.111" Name="Колонтаева Наталья Владимировна" />
</eDocument>
<ReestrExtract>
<DeclarAttribute ID_KUVI="0"
ExtractTypeCode="012000"
ExtractTypeText="Выписка из Единого государственного реестра недвижимости об объекте недвижимости"
ExtractNumber="99/2017/32688432"
ExtractDate="26.10.2017"
RequeryNumber="80-18743014"
RequeryDate="26.10.2017"
ExtractCount="1"
NoticeCount="0"
RefuseCount="0"
Registrator="ФГИС ЕГРН">
<ReceivName>Колонтаева Наталья Владимировна</ReceivName>
<ReceivAdress>не указан</ReceivAdress>
</DeclarAttribute>
<ExtractObjectRight>
<HeadContent>
<ID_REC_KUVI>0</ID_REC_KUVI>
<Title>ФЕДЕРАЛЬНАЯ СЛУЖБА ГОСУДАРСТВЕННОЙ РЕГИСТРАЦИИ, КАДАСТРА И КАРТОГРАФИИ</Title>
<DeptName>ФГИС ЕГРН</DeptName>
<ExtractTitle>Выписка из Единого государственного реестра недвижимости об объекте недвижимости</ExtractTitle>
<Content>На основании запроса от 26.10.2017 г., поступившего на рассмотрение 26.10.2017 г., сообщаем, что согласно записям Единого государственного реестра недвижимости:</Content>
</HeadContent>
<ExtractObject>
<ObjectRight>
<Right RightNumber="1">
<Owner >
<ID_Subject>23184189027</ID_Subject>
<Person>
<Code_SP>007003000000</Code_SP>
<Content>Драгоруб Иван Иванович</Content>
<FIO>
<Surname>Драгоруб</Surname>
<First>Иван</First>
<Patronymic>Иванович</Patronymic>
</FIO>
</Person>
</Owner>
<Registration >
<ID_Record>130402155427</ID_Record>
<RegNumber>27-27-01/087/2011-744</RegNumber>
<Type>001002000000</Type>
<Name>Долевая собственность, № 27-27-01/087/2011-744 от 15.07.2011, 9/10</Name>
<RegDate>15.07.2011</RegDate>
<ShareText>9/10</ShareText>
</Registration>
<Encumbrance>
<ID_Record>130402166727</ID_Record>
<RegNumber>27-27-01/087/2011-744</RegNumber>
<Type>022008000000</Type>
<Name>Залог в силу закона</Name>
<ShareText>Весь объект
</ShareText>
<RegDate>15.07.2011</RegDate>
<Duration>
<Started>15.07.2011</Started>
<Term>с 15.07.2011 на 240 месяцев</Term>
</Duration>
<Owner >
<ID_Subject>16264909127</ID_Subject>
<Organization>
<Code_SP>007002000000</Code_SP>
<Content>Акционерное общество &quot;ДВИЦ Ипотечный центр&quot;, ИНН: 2536134842</Content>
<Name>Акционерное общество &quot;ДВИЦ Ипотечный центр&quot;</Name>
<INN>2536134842</INN>
</Organization>
</Owner>
<DocFound>
<ID_Document>130402155127</ID_Document>
<Content>Договор купли-продажи квартиры (ипотека в силу закона) oт 12.07.2011, дата регистрации 15.07.2011, №27-27-01/087/2011-743</Content>
<Type_Document>010003007000</Type_Document>
<Name>Договор купли-продажи квартиры (ипотека в силу закона)</Name>
<Number>б/н</Number>
<Date>12.07.2011</Date>
</DocFound>
</Encumbrance>
</Right>
<Right RightNumber="2">
<Owner >
<ID_Subject>16782435127</ID_Subject>
<Person>
<Code_SP>007003000000</Code_SP>
<Content>Савельева Яна Юрьевна</Content>
<FIO>
<Surname>Савельева</Surname>
<First>Яна</First>
<Patronymic>Юрьевна</Patronymic>
</FIO>
</Person>
</Owner>
<Registration >
<ID_Record>130402154727</ID_Record>
<RegNumber>27-27-01/087/2011-744</RegNumber>
<Type>001002000000</Type>
<Name>Долевая собственность, № 27-27-01/087/2011-744 от 15.07.2011, 1/10</Name>
<RegDate>15.07.2011</RegDate>
<ShareText>1/10</ShareText>
</Registration>
<Encumbrance>
<ID_Record>130402166727</ID_Record>
<RegNumber>27-27-01/087/2011-744</RegNumber>
<Type>022008000000</Type>
<Name>Залог в силу закона</Name>
<ShareText>Весь объект
</ShareText>
<RegDate>15.07.2011</RegDate>
<Duration>
<Started>15.07.2011</Started>
<Term>с 15.07.2011 на 240 месяцев</Term>
</Duration>
<Owner >
<ID_Subject>16264909127</ID_Subject>
<Organization>
<Code_SP>007002000000</Code_SP>
<Content>Акционерное общество &quot;ДВИЦ Ипотечный центр&quot;, ИНН: 2536134842</Content>
<Name>Акционерное общество &quot;ДВИЦ Ипотечный центр&quot;</Name>
<INN>2536134842</INN>
</Organization>
</Owner>
<DocFound>
<ID_Document>130402155127</ID_Document>
<Content>Договор купли-продажи квартиры (ипотека в силу закона) oт 12.07.2011, дата регистрации 15.07.2011, №27-27-01/087/2011-743</Content>
<Type_Document>010003007000</Type_Document>
<Name>Договор купли-продажи квартиры (ипотека в силу закона)</Name>
<Number>б/н</Number>
<Date>12.07.2011</Date>
</DocFound>
</Encumbrance>
</Right>
<NoShareHolding>не зарегистрировано</NoShareHolding>
</ObjectRight>
<RightAssert>данные отсутствуют</RightAssert>
<RightClaim>данные отсутствуют</RightClaim>
<RightAgainst>данные отсутствуют</RightAgainst>
<RightSteal>данные отсутствуют</RightSteal>
<WithoutThirdParty>данные отсутствуют</WithoutThirdParty>
<InabilityRegWithoutOwner></InabilityRegWithoutOwner>
<InabilityRegZU></InabilityRegZU>
</ExtractObject>
<InfoENK/>
<InfoPIK/>
<FootContent>
<Recipient>Колонтаева Наталья Владимировна</Recipient>
<ExtractDate>26.10.2017</ExtractDate>
<Content></Content>
</FootContent>
</ExtractObjectRight>
</ReestrExtract>
</KPOKS>