<?xml version="1.0" encoding="UTF-8" ?>
<?xml-stylesheet type="text/xsl" href="https://portal.rosreestr.ru/xsl/EGRP/Reestr_Extract_Big/ROOM/07/Common.xsl"?>

<KPOKS xmlns="urn://x-artefacts-rosreestr-ru/outgoing/kpoks/4.0.1"
xmlns:smev="urn://x-artefacts-smev-gov-ru/supplementary/commons/1.0.1"
xmlns:num="urn://x-artefacts-rosreestr-ru/commons/complex-types/numbers/1.0"
xmlns:adrs="urn://x-artefacts-rosreestr-ru/commons/complex-types/address-output/4.0.1"
xmlns:spa="urn://x-artefacts-rosreestr-ru/commons/complex-types/entity-spatial/5.0.1"
xmlns:param="urn://x-artefacts-rosreestr-ru/commons/complex-types/parameters-oks/2.0.1"
xmlns:cer="urn://x-artefacts-rosreestr-ru/commons/complex-types/certification-doc/1.0"
xmlns:doc="urn://x-artefacts-rosreestr-ru/commons/complex-types/document-output/4.0.1"
xmlns:flat="urn://x-artefacts-rosreestr-ru/commons/complex-types/assignation-flat/1.0.1"
xmlns:ch="urn://x-artefacts-rosreestr-ru/commons/complex-types/cultural-heritage/2.0.1">
<Realty>
<Flat CadastralNumber="27:23:0050732:294" State="01"
DateCreated="2012-06-28"
>
<CadastralBlock>27:23:0050732</CadastralBlock>
<ObjectType>002001003000</ObjectType>
<ParentCadastralNumbers>
<CadastralNumberOKS>27:23:0050732:75</CadastralNumberOKS>
</ParentCadastralNumbers>
<OldNumbers>
<num:OldNumber Type="01" Number="12118" />
</OldNumbers>
<Assignation>
<flat:AssignationCode>206001000000</flat:AssignationCode>
</Assignation>
<Area>408.1</Area>
<Address>
<adrs:OKATO>08401365000</adrs:OKATO>
<adrs:KLADR>27000001000040700</adrs:KLADR>
<adrs:Region>27</adrs:Region>
<adrs:City Name="Хабаровск" Type="г" />
<adrs:UrbanDistrict Name="Индустриальный" Type="р-н" />
<adrs:Street Name="Краснореченская" Type="ул" />
<adrs:Level1 Type="д" Value="11" />
<adrs:Apartment Type="пом" Value="-I(1-8); I(1-11)" />
</Address>
<PositionInObject>
<Levels>
<Level Number="Подвал" Type="04">
<Position NumberOnPlan="-I(1-8)">
</Position>
</Level>
<Level Number="01" Type="01">
<Position NumberOnPlan="I(1-11)">
</Position>
</Level>
</Levels>
</PositionInObject>
<CadastralCost Value="2571687.04" Unit="383" />
<Rights>
<Right>
<Name>Собственность</Name>
<Type>001001000000</Type>
<Owners>
<Owner>
<Person>
<FamilyName>Донбров</FamilyName>
<FirstName>Константин</FirstName>
<Patronymic>Игнатьевич</Patronymic>
</Person>
</Owner>
</Owners>
<Registration>
<RegNumber>27-27/001-27/001/218/2016-6933/2</RegNumber>
<RegDate>2016-12-23</RegDate>
</Registration>
</Right>
</Rights>
<Notes>Произведена перепланировка (технический паспорт от 01.12.2009 г.).</Notes>
</Flat>
</Realty>
<CertificationDoc>
<cer:Organization>ФГИС ЕГРН</cer:Organization>
<cer:Date>2017-09-25</cer:Date>
<cer:Number>99/2017/29105535</cer:Number>
</CertificationDoc>
<CoordSystems>
<spa:CoordSystem Name="МСК-27 зона 3" CsId="ID0" />
</CoordSystems>
<eDocument CodeType="112" Version="07" Scope="GKN">
<Sender Kod="00.0.4.195"
Name="ФГИС ЕГРН"
Region="99"
Date_Upload="2017-09-25"
Appointment="Государственный регистратор"
/>
<Recipient Kod="00.0.4.111" Name="Колонтаева Наталья Владимировна" />
</eDocument>
<ReestrExtract>
<DeclarAttribute ID_KUVI="0"
ExtractTypeCode="012000"
ExtractTypeText="Выписка из Единого государственного реестра недвижимости об объекте недвижимости"
ExtractNumber="99/2017/29105535"
ExtractDate="25.09.2017"
RequeryNumber="80-15727935"
RequeryDate="25.09.2017"
ExtractCount="1"
NoticeCount="0"
RefuseCount="0"
Registrator="ФГИС ЕГРН">
<ReceivName>Колонтаева Наталья Владимировна</ReceivName>
<ReceivAdress>не указан</ReceivAdress>
</DeclarAttribute>
<ExtractObjectRight>
<HeadContent>
<ID_REC_KUVI>0</ID_REC_KUVI>
<Title>ФЕДЕРАЛЬНАЯ СЛУЖБА ГОСУДАРСТВЕННОЙ РЕГИСТРАЦИИ, КАДАСТРА И КАРТОГРАФИИ</Title>
<DeptName>ФГИС ЕГРН</DeptName>
<ExtractTitle>Выписка из Единого государственного реестра недвижимости об объекте недвижимости</ExtractTitle>
<Content>На основании запроса от 25.09.2017 г., поступившего на рассмотрение 25.09.2017 г., сообщаем, что согласно записям Единого государственного реестра недвижимости:</Content>
</HeadContent>
<ExtractObject>
<ObjectRight>
<Right RightNumber="1">
<Owner >
<ID_Subject>16608589227</ID_Subject>
<Person>
<Code_SP>007003000000</Code_SP>
<Content>Донбров Константин Игнатьевич</Content>
<FIO>
<Surname>Донбров</Surname>
<First>Константин</First>
<Patronymic>Игнатьевич</Patronymic>
</FIO>
</Person>
</Owner>
<Registration >
<ID_Record>137006168027</ID_Record>
<RegNumber>27-27/001-27/001/218/2016-6933/2</RegNumber>
<Type>001001000000</Type>
<Name>Собственность, № 27-27/001-27/001/218/2016-6933/2 от 23.12.2016</Name>
<RegDate>23.12.2016</RegDate>
</Registration>
<Encumbrance>
<ID_Record>137006184327</ID_Record>
<RegNumber>27-27-01/236/2013-181</RegNumber>
<Type>022006000000</Type>
<Name>Аренда</Name>
<ShareText>часть объекта в виде комнат №3-6,13, площадью 97,8 кв.м на 1 этаже в объекте по адресу: Хабаровский край, г.Хабаровск, ул.Краснореченская, д.11, пом.-I(1-8)I(1-13),усл.№ 27:23:400:11/3327:0(1-8)I(1-12),Функциональное, назначение: нежилое, общая площадь 414 кв.м, этаж подвал, 1
</ShareText>
<RegDate>19.12.2016</RegDate>
<Duration>
<Started>30.05.2013</Started>
<Stopped>29.05.2018</Stopped>
<Term>с 30.05.2013 по 29.05.2018</Term>
</Duration>
<Owner >
<ID_Subject>137006171727</ID_Subject>
<Organization>
<Code_SP>007002000000</Code_SP>
<Content>Общество с ограниченной ответственностью &quot;Виктория&quot;, ИНН: 2723080315</Content>
<Name>Общество с ограниченной ответственностью &quot;Виктория&quot;</Name>
<INN>2723080315</INN>
</Organization>
</Owner>
<DocFound>
<ID_Document>137006171427</ID_Document>
<Content>Соглашение о внесении изменений в договор аренды объектов нежилого фонда oт 27.06.2016</Content>
<Type_Document>010004000000</Type_Document>
<Name>Соглашение о внесении изменений в договор аренды объектов нежилого фонда</Name>
<Number>б/н</Number>
<Date>27.06.2016</Date>
</DocFound>
<DocFound>
<ID_Document>137006171027</ID_Document>
<Content>Договор аренды объектов нежилого фонда oт 30.05.2013 №204/13, дата регистрации 25.06.2013, №27-27-01/236/2013-181</Content>
<Type_Document>010003004000</Type_Document>
<Name>Договор аренды объектов нежилого фонда</Name>
<Number>204/13</Number>
<Date>30.05.2013</Date>
</DocFound>
<DocFound>
<ID_Document>137006171227</ID_Document>
<Content>Соглашение о внесении изменений и дополнений в договор аренды объектов нежилого фонда №204/13 от 30.05.2013 oт 10.02.2014, дата регистрации 10.04.2014, №27-27-01/223/2014-257</Content>
<Type_Document>010004000000</Type_Document>
<Name>Соглашение о внесении изменений и дополнений в договор аренды объектов нежилого фонда №204/13 от 30.05.2013</Name>
<Number>б/н</Number>
<Date>10.02.2014</Date>
</DocFound>
</Encumbrance>
<Encumbrance>
<ID_Record>137006184927</ID_Record>
<RegNumber>27-27-01/024/2013-653</RegNumber>
<Type>022006000000</Type>
<Name>Аренда</Name>
<ShareText>Часть функционального помещение пом.-I(1-8)I(1-13),в виде комнат №1,2,7-10,12 площадью 158,5 кв.м.,1 этаж
</ShareText>
<RegDate>19.12.2016</RegDate>
<Duration>
<Started>15.03.2013</Started>
<Stopped>14.03.2018</Stopped>
<Term>с 15.03.2013 по 14.03.2018</Term>
</Duration>
<Owner >
<ID_Subject>33259457227</ID_Subject>
<Person>
<Code_SP>007003000000</Code_SP>
<Content>Борис Евгений Петрович</Content>
<FIO>
<Surname>Борис</Surname>
<First>Евгений</First>
<Patronymic>Петрович</Patronymic>
</FIO>
</Person>
</Owner>
<DocFound>
<ID_Document>137006169627</ID_Document>
<Content>Соглашение о внесении изменений в договор аренды №96/13 от 15.03.2013г. oт 10.08.2015</Content>
<Type_Document>010004000000</Type_Document>
<Name>Соглашение о внесении изменений в договор аренды №96/13 от 15.03.2013г.</Name>
<Number>б/н</Number>
<Date>10.08.2015</Date>
</DocFound>
<DocFound>
<ID_Document>137006169827</ID_Document>
<Content>Соглашение о внесении изменений в договор аренды oт 10.08.2015</Content>
<Type_Document>010004000000</Type_Document>
<Name>Соглашение о внесении изменений в договор аренды</Name>
<Number>б/н</Number>
<Date>10.08.2015</Date>
</DocFound>
<DocFound>
<ID_Document>137006170527</ID_Document>
<Content>Соглашение о внесении изменений в договор аренды объектов нежилого фонда №96/13 от 15.03.2013 oт 04.08.2016</Content>
<Type_Document>010004000000</Type_Document>
<Name>Соглашение о внесении изменений в договор аренды объектов нежилого фонда №96/13 от 15.03.2013</Name>
<Number>б/н</Number>
<Date>04.08.2016</Date>
</DocFound>
<DocFound>
<ID_Document>137006170027</ID_Document>
<Content>Договор аренды объектов нежилого фонда oт 15.03.2013 №96/13, дата регистрации 22.05.2015, №27-27-01/024/2013-653</Content>
<Type_Document>010003004000</Type_Document>
<Name>Договор аренды объектов нежилого фонда</Name>
<Number>96/13</Number>
<Date>15.03.2013</Date>
</DocFound>
<DocFound>
<ID_Document>137006170327</ID_Document>
<Content>Соглашение о внесении изменений в договор аренды объекта нежилого фонда №96/13 от 15.03.2013 oт 23.05.2013, дата регистрации 06.06.2013, №27-27-01/230/2013-654</Content>
<Type_Document>010004000000</Type_Document>
<Name>Соглашение о внесении изменений в договор аренды объекта нежилого фонда №96/13 от 15.03.2013</Name>
<Number>б/н</Number>
<Date>23.05.2013</Date>
</DocFound>
<DocFound>
<ID_Document>137006173327</ID_Document>
<Content>Соглашение о внесении изменений и дополнений в договор аренды объекта нежилого фонда № 96/13 oт 18.03.2013, дата регистрации 25.04.2014, №27-27-01/224/2014-880</Content>
<Type_Document>010004000000</Type_Document>
<Name>Соглашение о внесении изменений и дополнений в договор аренды объекта нежилого фонда № 96/13</Name>
<Number>б/н</Number>
<Date>18.03.2013</Date>
</DocFound>
</Encumbrance>
</Right>
<NoShareHolding>не зарегистрировано</NoShareHolding>
</ObjectRight>
<RightAssert>данные отсутствуют</RightAssert>
<RightClaim>данные отсутствуют</RightClaim>
<RightAgainst>данные отсутствуют</RightAgainst>
<RightSteal>данные отсутствуют</RightSteal>
<WithoutThirdParty>данные отсутствуют</WithoutThirdParty>
<InabilityRegWithoutOwner></InabilityRegWithoutOwner>
<InabilityRegZU></InabilityRegZU>
</ExtractObject>
<InfoENK/>
<InfoPIK/>
<FootContent>
<Recipient>Колонтаева Наталья Владимировна</Recipient>
<ExtractDate>25.09.2017</ExtractDate>
<Content></Content>
</FootContent>
</ExtractObjectRight>
</ReestrExtract>
</KPOKS>