<?xml version="1.0" encoding="UTF-8" ?>
<?xml-stylesheet type="text/xsl" href="https://portal.rosreestr.ru/xsl/EGRP/Reestr_Extract_Big/ROOM/07/Common.xsl"?>

<KPOKS xmlns="urn://x-artefacts-rosreestr-ru/outgoing/kpoks/4.0.1"
xmlns:smev="urn://x-artefacts-smev-gov-ru/supplementary/commons/1.0.1"
xmlns:num="urn://x-artefacts-rosreestr-ru/commons/complex-types/numbers/1.0"
xmlns:adrs="urn://x-artefacts-rosreestr-ru/commons/complex-types/address-output/4.0.1"
xmlns:spa="urn://x-artefacts-rosreestr-ru/commons/complex-types/entity-spatial/5.0.1"
xmlns:param="urn://x-artefacts-rosreestr-ru/commons/complex-types/parameters-oks/2.0.1"
xmlns:cer="urn://x-artefacts-rosreestr-ru/commons/complex-types/certification-doc/1.0"
xmlns:doc="urn://x-artefacts-rosreestr-ru/commons/complex-types/document-output/4.0.1"
xmlns:flat="urn://x-artefacts-rosreestr-ru/commons/complex-types/assignation-flat/1.0.1"
xmlns:ch="urn://x-artefacts-rosreestr-ru/commons/complex-types/cultural-heritage/2.0.1">
<Realty>
<Flat CadastralNumber="27:23:0050732:307" State="01"
DateCreated="2012-06-28"
>
<CadastralBlock>27:23:0050732</CadastralBlock>
<ObjectType>002001003000</ObjectType>
<ParentCadastralNumbers>
<CadastralNumberOKS>27:23:0050732:75</CadastralNumberOKS>
</ParentCadastralNumbers>
<OldNumbers>
<num:OldNumber Type="01" Number="12118" />
</OldNumbers>
<Assignation>
<flat:AssignationCode>206002000000</flat:AssignationCode>
<flat:AssignationType>205001000000</flat:AssignationType>
</Assignation>
<Area>99.3</Area>
<Address>
<adrs:OKATO>08401365000</adrs:OKATO>
<adrs:KLADR>27000001000040700</adrs:KLADR>
<adrs:Region>27</adrs:Region>
<adrs:City Name="Хабаровск" Type="г" />
<adrs:Street Name="Краснореченская" Type="ул" />
<adrs:Level1 Type="д" Value="11" />
<adrs:Apartment Type="кв" Value="15" />
</Address>
<PositionInObject>
<Levels>
<Level Number="03" Type="01">
<Position NumberOnPlan="15">
</Position>
</Level>
</Levels>
</PositionInObject>
<CadastralCost Value="4386378.9" Unit="383" />
<Rights>
<Right>
<Name>Общая долевая собственность</Name>
<Type>001002000000</Type>
<Owners>
<Owner>
<Person>
<FamilyName>Денисенко</FamilyName>
<FirstName>Константин</FirstName>
<Patronymic>Анатольевич</Patronymic>
</Person>
</Owner>
</Owners>
<Share Numerator="13" Denominator="50" />
<Registration>
<RegNumber>27-27-01/456/2014-393</RegNumber>
<RegDate>2014-07-30</RegDate>
</Registration>
</Right>
<Right>
<Name>Общая долевая собственность</Name>
<Type>001002000000</Type>
<Owners>
<Owner>
<Person>
<FamilyName>Моисеев</FamilyName>
<FirstName>Юрий</FirstName>
<Patronymic>Федорович</Patronymic>
</Person>
</Owner>
</Owners>
<Share Numerator="25" Denominator="100" />
<Registration>
<RegNumber>27-27-01/362/2012-184</RegNumber>
<RegDate>2013-01-11</RegDate>
</Registration>
</Right>
<Right>
<Name>Общая долевая собственность</Name>
<Type>001002000000</Type>
<Owners>
<Owner>
<Person>
<FamilyName>Логинов</FamilyName>
<FirstName>Даниил</FirstName>
<Patronymic>Евгеньевич</Patronymic>
</Person>
</Owner>
</Owners>
<Share Numerator="21" Denominator="100" />
<Registration>
<RegNumber>27-27-01/081/2012-517</RegNumber>
<RegDate>2012-07-03</RegDate>
</Registration>
</Right>
<Right>
<Name>Общая долевая собственность</Name>
<Type>001002000000</Type>
<Owners>
<Owner>
<Person>
<FamilyName>Граблев</FamilyName>
<FirstName>Ярослав</FirstName>
<Patronymic>Владимирович</Patronymic>
</Person>
</Owner>
</Owners>
<Share Numerator="7" Denominator="25" />
<Registration>
<RegNumber>27:23:0050732:307-27/001/2017-6</RegNumber>
<RegDate>2017-09-18</RegDate>
</Registration>
</Right>
</Rights>
</Flat>
</Realty>
<CertificationDoc>
<cer:Organization>ФГИС ЕГРН</cer:Organization>
<cer:Date>2017-09-25</cer:Date>
<cer:Number>99/2017/29105706</cer:Number>
</CertificationDoc>
<CoordSystems>
<spa:CoordSystem Name="МСК-27 зона 3" CsId="ID0" />
</CoordSystems>
<eDocument CodeType="112" Version="07" Scope="GKN">
<Sender Kod="00.0.4.195"
Name="ФГИС ЕГРН"
Region="99"
Date_Upload="2017-09-25"
Appointment="Государственный регистратор"
/>
<Recipient Kod="00.0.4.111" Name="Колонтаева Наталья Владимировна" />
</eDocument>
<ReestrExtract>
<DeclarAttribute ID_KUVI="0"
ExtractTypeCode="012000"
ExtractTypeText="Выписка из Единого государственного реестра недвижимости об объекте недвижимости"
ExtractNumber="99/2017/29105706"
ExtractDate="25.09.2017"
RequeryNumber="80-15728126"
RequeryDate="25.09.2017"
ExtractCount="1"
NoticeCount="0"
RefuseCount="0"
Registrator="ФГИС ЕГРН">
<ReceivName>Колонтаева Наталья Владимировна</ReceivName>
<ReceivAdress>не указан</ReceivAdress>
</DeclarAttribute>
<ExtractObjectRight>
<HeadContent>
<ID_REC_KUVI>0</ID_REC_KUVI>
<Title>ФЕДЕРАЛЬНАЯ СЛУЖБА ГОСУДАРСТВЕННОЙ РЕГИСТРАЦИИ, КАДАСТРА И КАРТОГРАФИИ</Title>
<DeptName>ФГИС ЕГРН</DeptName>
<ExtractTitle>Выписка из Единого государственного реестра недвижимости об объекте недвижимости</ExtractTitle>
<Content>На основании запроса от 25.09.2017 г., поступившего на рассмотрение 25.09.2017 г., сообщаем, что согласно записям Единого государственного реестра недвижимости:</Content>
</HeadContent>
<ExtractObject>
<ObjectRight>
<Right RightNumber="1">
<Owner >
<ID_Subject>138920158027</ID_Subject>
<Person>
<Code_SP>007003000000</Code_SP>
<Content>Логинов Даниил Евгеньевич</Content>
<FIO>
<Surname>Логинов</Surname>
<First>Даниил</First>
<Patronymic>Евгеньевич</Patronymic>
</FIO>
</Person>
</Owner>
<Registration >
<ID_Record>138920157627</ID_Record>
<RegNumber>27-27-01/081/2012-517</RegNumber>
<Type>001002000000</Type>
<Name>Долевая собственность, № 27-27-01/081/2012-517 от 03.07.2012, 21/100</Name>
<RegDate>03.07.2012</RegDate>
<ShareText>21/100</ShareText>
</Registration>
<NoEncumbrance>не зарегистрировано</NoEncumbrance>
</Right>
<Right RightNumber="2">
<Owner >
<ID_Subject>25910156327</ID_Subject>
<Person>
<Code_SP>007003000000</Code_SP>
<Content>Моисеев Юрий Федорович</Content>
<FIO>
<Surname>Моисеев</Surname>
<First>Юрий</First>
<Patronymic>Федорович</Patronymic>
</FIO>
</Person>
</Owner>
<Registration >
<ID_Record>138920156927</ID_Record>
<RegNumber>27-27-01/362/2012-184</RegNumber>
<Type>001002000000</Type>
<Name>Долевая собственность, № 27-27-01/362/2012-184 от 11.01.2013, 25/100</Name>
<RegDate>11.01.2013</RegDate>
<ShareText>25/100</ShareText>
</Registration>
<NoEncumbrance>не зарегистрировано</NoEncumbrance>
</Right>
<Right RightNumber="3">
<Owner >
<ID_Subject>138920151427</ID_Subject>
<Person>
<Code_SP>007003000000</Code_SP>
<Content>Денисенко Константин Анатольевич</Content>
<FIO>
<Surname>Денисенко</Surname>
<First>Константин</First>
<Patronymic>Анатольевич</Patronymic>
</FIO>
</Person>
</Owner>
<Registration >
<ID_Record>138920150927</ID_Record>
<RegNumber>27-27-01/456/2014-393</RegNumber>
<Type>001002000000</Type>
<Name>Долевая собственность, № 27-27-01/456/2014-393 от 30.07.2014, 13/50</Name>
<RegDate>30.07.2014</RegDate>
<ShareText>13/50</ShareText>
</Registration>
<NoEncumbrance>не зарегистрировано</NoEncumbrance>
</Right>
<Right RightNumber="4">
<Owner >
<ID_Subject>138920165327</ID_Subject>
<Person>
<Code_SP>007003000000</Code_SP>
<Content>Граблев Ярослав Владимирович</Content>
<FIO>
<Surname>Граблев</Surname>
<First>Ярослав</First>
<Patronymic>Владимирович</Patronymic>
</FIO>
</Person>
</Owner>
<Registration >
<ID_Record>138920165727</ID_Record>
<RegNumber>27:23:0050732:307-27/001/2017-6</RegNumber>
<Type>001002000000</Type>
<Name>Долевая собственность, № 27:23:0050732:307-27/001/2017-6 от 18.09.2017, 7/25</Name>
<RegDate>18.09.2017</RegDate>
<ShareText>7/25</ShareText>
</Registration>
<NoEncumbrance>не зарегистрировано</NoEncumbrance>
</Right>
<NoShareHolding>не зарегистрировано</NoShareHolding>
</ObjectRight>
<RightAssert>данные отсутствуют</RightAssert>
<RightClaim>данные отсутствуют</RightClaim>
<RightAgainst>данные отсутствуют</RightAgainst>
<RightSteal>данные отсутствуют</RightSteal>
<WithoutThirdParty>данные отсутствуют</WithoutThirdParty>
<InabilityRegWithoutOwner></InabilityRegWithoutOwner>
<InabilityRegZU></InabilityRegZU>
</ExtractObject>
<InfoENK/>
<InfoPIK/>
<FootContent>
<Recipient>Колонтаева Наталья Владимировна</Recipient>
<ExtractDate>25.09.2017</ExtractDate>
<Content></Content>
</FootContent>
</ExtractObjectRight>
</ReestrExtract>
</KPOKS>