<?xml version="1.0" encoding="UTF-8" ?>
<?xml-stylesheet type="text/xsl" href="https://portal.rosreestr.ru/xsl/EGRP/Reestr_Extract_Big/ROOM/07/Common.xsl"?>

<KPOKS xmlns="urn://x-artefacts-rosreestr-ru/outgoing/kpoks/4.0.1"
xmlns:smev="urn://x-artefacts-smev-gov-ru/supplementary/commons/1.0.1"
xmlns:num="urn://x-artefacts-rosreestr-ru/commons/complex-types/numbers/1.0"
xmlns:adrs="urn://x-artefacts-rosreestr-ru/commons/complex-types/address-output/4.0.1"
xmlns:spa="urn://x-artefacts-rosreestr-ru/commons/complex-types/entity-spatial/5.0.1"
xmlns:param="urn://x-artefacts-rosreestr-ru/commons/complex-types/parameters-oks/2.0.1"
xmlns:cer="urn://x-artefacts-rosreestr-ru/commons/complex-types/certification-doc/1.0"
xmlns:doc="urn://x-artefacts-rosreestr-ru/commons/complex-types/document-output/4.0.1"
xmlns:flat="urn://x-artefacts-rosreestr-ru/commons/complex-types/assignation-flat/1.0.1"
xmlns:ch="urn://x-artefacts-rosreestr-ru/commons/complex-types/cultural-heritage/2.0.1">
<Realty>
<Flat CadastralNumber="27:23:0050732:931" State="01"
DateCreated="2013-10-30"
>
<CadastralBlock>27:23:0050732</CadastralBlock>
<ObjectType>002001003000</ObjectType>
<ParentCadastralNumbers>
<CadastralNumberOKS>27:23:0050732:78</CadastralNumberOKS>
</ParentCadastralNumbers>
<OldNumbers>
<num:OldNumber Type="01" Number="12133" />
</OldNumbers>
<Assignation>
<flat:AssignationCode>206002000000</flat:AssignationCode>
<flat:AssignationType>205001000000</flat:AssignationType>
</Assignation>
<Area>85.9</Area>
<Address>
<adrs:OKATO>08401365000</adrs:OKATO>
<adrs:KLADR>27000001000084700</adrs:KLADR>
<adrs:Region>27</adrs:Region>
<adrs:City Name="Хабаровск" Type="г" />
<adrs:UrbanDistrict Name="Индустриальный" Type="р-н" />
<adrs:Street Name="Строительная" Type="ул" />
<adrs:Level1 Type="д" Value="1" />
<adrs:Apartment Type="кв" Value="8" />
</Address>
<PositionInObject>
<Levels>
<Level Number="02" Type="01">
<Position NumberOnPlan="8">
</Position>
</Level>
</Levels>
</PositionInObject>
<CadastralCost Value="3794460.7" Unit="383" />
<Rights>
<Right>
<Name>Общая долевая собственность</Name>
<Type>001002000000</Type>
<Owners>
<Owner>
<Person>
<FamilyName>Сапельцева</FamilyName>
<FirstName>Светлана</FirstName>
<Patronymic>Леонидовна</Patronymic>
</Person>
</Owner>
</Owners>
<Share Numerator="40" Denominator="100" />
<Registration>
<RegNumber>27-27-01/261/2014-634</RegNumber>
<RegDate>2014-12-10</RegDate>
</Registration>
</Right>
<Right>
<Name>Общая долевая собственность</Name>
<Type>001002000000</Type>
<Owners>
<Owner>
<Person>
<FamilyName>Баженов</FamilyName>
<FirstName>Сергей</FirstName>
<Patronymic>Викторович</Patronymic>
</Person>
</Owner>
</Owners>
<Share Numerator="7" Denominator="20" />
<Registration>
<RegNumber>27-01-36/2001-931</RegNumber>
<RegDate>2001-04-26</RegDate>
</Registration>
</Right>
<Right>
<Name>Общая долевая собственность</Name>
<Type>001002000000</Type>
<Owners>
<Owner>
<Person>
<FamilyName>Карпалова</FamilyName>
<FirstName>Ирина</FirstName>
<Patronymic>Ивановна</Patronymic>
</Person>
</Owner>
</Owners>
<Share Numerator="25" Denominator="100" />
<Registration>
<RegNumber>27-27-01/450/2014-182</RegNumber>
<RegDate>2014-03-04</RegDate>
</Registration>
</Right>
</Rights>
</Flat>
</Realty>
<CertificationDoc>
<cer:Organization>ФГИС ЕГРН</cer:Organization>
<cer:Date>2017-09-24</cer:Date>
<cer:Number>99/2017/29047927</cer:Number>
</CertificationDoc>
<CoordSystems>
<spa:CoordSystem Name="МСК-27 зона 3" CsId="ID0" />
</CoordSystems>
<eDocument CodeType="112" Version="07" Scope="GKN">
<Sender Kod="00.0.4.195"
Name="ФГИС ЕГРН"
Region="99"
Date_Upload="2017-09-24"
Appointment="Государственный регистратор"
/>
<Recipient Kod="00.0.4.111" Name="Колонтаева Наталья Владимировна" />
</eDocument>
<ReestrExtract>
<DeclarAttribute ID_KUVI="0"
ExtractTypeCode="012000"
ExtractTypeText="Выписка из Единого государственного реестра недвижимости об объекте недвижимости"
ExtractNumber="99/2017/29047927"
ExtractDate="24.09.2017"
RequeryNumber="80-15652647"
RequeryDate="24.09.2017"
ExtractCount="1"
NoticeCount="0"
RefuseCount="0"
Registrator="ФГИС ЕГРН">
<ReceivName>Колонтаева Наталья Владимировна</ReceivName>
<ReceivAdress>не указан</ReceivAdress>
</DeclarAttribute>
<ExtractObjectRight>
<HeadContent>
<ID_REC_KUVI>0</ID_REC_KUVI>
<Title>ФЕДЕРАЛЬНАЯ СЛУЖБА ГОСУДАРСТВЕННОЙ РЕГИСТРАЦИИ, КАДАСТРА И КАРТОГРАФИИ</Title>
<DeptName>ФГИС ЕГРН</DeptName>
<ExtractTitle>Выписка из Единого государственного реестра недвижимости об объекте недвижимости</ExtractTitle>
<Content>На основании запроса от 24.09.2017 г., поступившего на рассмотрение 24.09.2017 г., сообщаем, что согласно записям Единого государственного реестра недвижимости:</Content>
</HeadContent>
<ExtractObject>
<ObjectRight>
<Right RightNumber="1">
<Owner >
<ID_Subject>137095903527</ID_Subject>
<Person>
<Code_SP>007003000000</Code_SP>
<Content>Баженов Сергей Викторович</Content>
<FIO>
<Surname>Баженов</Surname>
<First>Сергей</First>
<Patronymic>Викторович</Patronymic>
</FIO>
</Person>
</Owner>
<Registration >
<ID_Record>137095903127</ID_Record>
<RegNumber>27-01-36/2001-931</RegNumber>
<Type>001002000000</Type>
<Name>Долевая собственность, № 27-01-36/2001-931 от 26.04.2001, 7/20</Name>
<RegDate>26.04.2001</RegDate>
<ShareText>7/20</ShareText>
</Registration>
<NoEncumbrance>не зарегистрировано</NoEncumbrance>
</Right>
<Right RightNumber="2">
<Owner >
<ID_Subject>26598958927</ID_Subject>
<Person>
<Code_SP>007003000000</Code_SP>
<Content>Карпалова Ирина Ивановна</Content>
<FIO>
<Surname>Карпалова</Surname>
<First>Ирина</First>
<Patronymic>Ивановна</Patronymic>
</FIO>
</Person>
</Owner>
<Registration >
<ID_Record>137095900727</ID_Record>
<RegNumber>27-27-01/450/2014-182</RegNumber>
<Type>001002000000</Type>
<Name>Долевая собственность, № 27-27-01/450/2014-182 от 04.03.2014, 25/100</Name>
<RegDate>04.03.2014</RegDate>
<ShareText>25/100</ShareText>
</Registration>
<NoEncumbrance>не зарегистрировано</NoEncumbrance>
</Right>
<Right RightNumber="3">
<Owner >
<ID_Subject>137095900327</ID_Subject>
<Person>
<Code_SP>007003000000</Code_SP>
<Content>Сапельцева Светлана Леонидовна</Content>
<FIO>
<Surname>Сапельцева</Surname>
<First>Светлана</First>
<Patronymic>Леонидовна</Patronymic>
</FIO>
</Person>
</Owner>
<Registration >
<ID_Record>137095899827</ID_Record>
<RegNumber>27-27-01/261/2014-634</RegNumber>
<Type>001002000000</Type>
<Name>Долевая собственность, № 27-27-01/261/2014-634 от 10.12.2014, 40/100</Name>
<RegDate>10.12.2014</RegDate>
<ShareText>40/100</ShareText>
</Registration>
<NoEncumbrance>не зарегистрировано</NoEncumbrance>
</Right>
<NoShareHolding>не зарегистрировано</NoShareHolding>
</ObjectRight>
<RightAssert>данные отсутствуют</RightAssert>
<RightClaim>данные отсутствуют</RightClaim>
<RightAgainst>данные отсутствуют</RightAgainst>
<RightSteal>данные отсутствуют</RightSteal>
<WithoutThirdParty>данные отсутствуют</WithoutThirdParty>
<InabilityRegWithoutOwner></InabilityRegWithoutOwner>
<InabilityRegZU></InabilityRegZU>
</ExtractObject>
<InfoENK/>
<InfoPIK/>
<FootContent>
<Recipient>Колонтаева Наталья Владимировна</Recipient>
<ExtractDate>24.09.2017</ExtractDate>
<Content></Content>
</FootContent>
</ExtractObjectRight>
</ReestrExtract>
</KPOKS>