<?xml version="1.0" encoding="UTF-8" ?>
<?xml-stylesheet type="text/xsl" href="https://portal.rosreestr.ru/xsl/EGRP/Reestr_Extract_Big/ROOM/07/Common.xsl"?>

<KPOKS xmlns="urn://x-artefacts-rosreestr-ru/outgoing/kpoks/4.0.1"
xmlns:smev="urn://x-artefacts-smev-gov-ru/supplementary/commons/1.0.1"
xmlns:num="urn://x-artefacts-rosreestr-ru/commons/complex-types/numbers/1.0"
xmlns:adrs="urn://x-artefacts-rosreestr-ru/commons/complex-types/address-output/4.0.1"
xmlns:spa="urn://x-artefacts-rosreestr-ru/commons/complex-types/entity-spatial/5.0.1"
xmlns:param="urn://x-artefacts-rosreestr-ru/commons/complex-types/parameters-oks/2.0.1"
xmlns:cer="urn://x-artefacts-rosreestr-ru/commons/complex-types/certification-doc/1.0"
xmlns:doc="urn://x-artefacts-rosreestr-ru/commons/complex-types/document-output/4.0.1"
xmlns:flat="urn://x-artefacts-rosreestr-ru/commons/complex-types/assignation-flat/1.0.1"
xmlns:ch="urn://x-artefacts-rosreestr-ru/commons/complex-types/cultural-heritage/2.0.1">
<Realty>
<Flat CadastralNumber="27:23:0050722:464" State="01"
DateCreated="2012-06-28"
>
<CadastralBlock>27:23:0050722</CadastralBlock>
<ObjectType>002001003000</ObjectType>
<ParentCadastralNumbers>
<CadastralNumberOKS>27:23:0050722:35</CadastralNumberOKS>
</ParentCadastralNumbers>
<OldNumbers>
<num:OldNumber Type="01" Number="11890" />
</OldNumbers>
<Assignation>
<flat:AssignationCode>206002000000</flat:AssignationCode>
<flat:AssignationType>205001000000</flat:AssignationType>
</Assignation>
<Area>56.5</Area>
<Address>
<adrs:OKATO>08401365000</adrs:OKATO>
<adrs:KLADR>27000001000083000</adrs:KLADR>
<adrs:Region>27</adrs:Region>
<adrs:City Name="Хабаровск" Type="г" />
<adrs:Street Name="Союзная" Type="ул" />
<adrs:Level1 Type="д" Value="70" />
<adrs:Apartment Type="кв" Value="16" />
</Address>
<PositionInObject>
<Levels>
<Level Number="04" Type="01">
<Position NumberOnPlan="16">
</Position>
</Level>
</Levels>
</PositionInObject>
<CadastralCost Value="2442381.44" Unit="383" />
<Rights>
<Right>
<Name>Общая долевая собственность</Name>
<Type>001002000000</Type>
<Owners>
<Owner>
<Person>
<FamilyName>Прокофьев</FamilyName>
<FirstName>Валерий</FirstName>
<Patronymic>Александрович</Patronymic>
</Person>
</Owner>
</Owners>
<Share Numerator="1" Denominator="5" />
<Registration>
<RegNumber>27-27/001-27/074/204/2015-529/5</RegNumber>
<RegDate>2015-10-15</RegDate>
</Registration>
</Right>
<Right>
<Name>Общая долевая собственность</Name>
<Type>001002000000</Type>
<Owners>
<Owner>
<Person>
<FamilyName>Прокофьева</FamilyName>
<FirstName>Алла</FirstName>
<Patronymic>Валерьевна</Patronymic>
</Person>
</Owner>
</Owners>
<Share Numerator="1" Denominator="5" />
<Registration>
<RegNumber>27-27/001-27/074/204/2015-529/4</RegNumber>
<RegDate>2015-10-15</RegDate>
</Registration>
</Right>
<Right>
<Name>Общая долевая собственность</Name>
<Type>001002000000</Type>
<Owners>
<Owner>
<Person>
<FamilyName>Гнип</FamilyName>
<FirstName>Виктория</FirstName>
<Patronymic>Валерьевна</Patronymic>
</Person>
</Owner>
</Owners>
<Share Numerator="1" Denominator="5" />
<Registration>
<RegNumber>27-27/001-27/074/204/2015-529/3</RegNumber>
<RegDate>2015-10-15</RegDate>
</Registration>
</Right>
<Right>
<Name>Общая долевая собственность</Name>
<Type>001002000000</Type>
<Owners>
<Owner>
<Person>
<FamilyName>Гнип</FamilyName>
<FirstName>Василий</FirstName>
<Patronymic>Зиновьевич</Patronymic>
</Person>
</Owner>
</Owners>
<Share Numerator="1" Denominator="5" />
<Registration>
<RegNumber>27-27/001-27/074/204/2015-529/2</RegNumber>
<RegDate>2015-10-15</RegDate>
</Registration>
</Right>
<Right>
<Name>Общая долевая собственность</Name>
<Type>001002000000</Type>
<Owners>
<Owner>
<Person>
<FamilyName>Гнип</FamilyName>
<FirstName>Тимур</FirstName>
<Patronymic>Васильевич</Patronymic>
</Person>
</Owner>
</Owners>
<Share Numerator="1" Denominator="5" />
<Registration>
<RegNumber>27-27/001-27/074/204/2015-529/6</RegNumber>
<RegDate>2015-10-15</RegDate>
</Registration>
</Right>
</Rights>
</Flat>
</Realty>
<CertificationDoc>
<cer:Organization>ФГИС ЕГРН</cer:Organization>
<cer:Date>2017-09-25</cer:Date>
<cer:Number>99/2017/29068492</cer:Number>
</CertificationDoc>
<CoordSystems>
<spa:CoordSystem Name="МСК-27 зона 3" CsId="ID0" />
</CoordSystems>
<eDocument CodeType="112" Version="07" Scope="GKN">
<Sender Kod="00.0.4.195"
Name="ФГИС ЕГРН"
Region="99"
Date_Upload="2017-09-25"
Appointment="Государственный регистратор"
/>
<Recipient Kod="00.0.4.111" Name="Колонтаева Наталья Владимировна" />
</eDocument>
<ReestrExtract>
<DeclarAttribute ID_KUVI="0"
ExtractTypeCode="012000"
ExtractTypeText="Выписка из Единого государственного реестра недвижимости об объекте недвижимости"
ExtractNumber="99/2017/29068492"
ExtractDate="25.09.2017"
RequeryNumber="80-15670577"
RequeryDate="25.09.2017"
ExtractCount="1"
NoticeCount="0"
RefuseCount="0"
Registrator="ФГИС ЕГРН">
<ReceivName>Колонтаева Наталья Владимировна</ReceivName>
<ReceivAdress>не указан</ReceivAdress>
</DeclarAttribute>
<ExtractObjectRight>
<HeadContent>
<ID_REC_KUVI>0</ID_REC_KUVI>
<Title>ФЕДЕРАЛЬНАЯ СЛУЖБА ГОСУДАРСТВЕННОЙ РЕГИСТРАЦИИ, КАДАСТРА И КАРТОГРАФИИ</Title>
<DeptName>ФГИС ЕГРН</DeptName>
<ExtractTitle>Выписка из Единого государственного реестра недвижимости об объекте недвижимости</ExtractTitle>
<Content>На основании запроса от 25.09.2017 г., поступившего на рассмотрение 25.09.2017 г., сообщаем, что согласно записям Единого государственного реестра недвижимости:</Content>
</HeadContent>
<ExtractObject>
<ObjectRight>
<Right RightNumber="1">
<Owner >
<ID_Subject>136977176127</ID_Subject>
<Person>
<Code_SP>007003000000</Code_SP>
<Content>Гнип Василий Зиновьевич</Content>
<FIO>
<Surname>Гнип</Surname>
<First>Василий</First>
<Patronymic>Зиновьевич</Patronymic>
</FIO>
</Person>
</Owner>
<Registration >
<ID_Record>136977175527</ID_Record>
<RegNumber>27-27/001-27/074/204/2015-529/2</RegNumber>
<Type>001002000000</Type>
<Name>Долевая собственность, № 27-27/001-27/074/204/2015-529/2 от 15.10.2015, 1/5</Name>
<RegDate>15.10.2015</RegDate>
<ShareText>1/5</ShareText>
</Registration>
<NoEncumbrance>не зарегистрировано</NoEncumbrance>
</Right>
<Right RightNumber="2">
<Owner >
<ID_Subject>113155541327</ID_Subject>
<Person>
<Code_SP>007003000000</Code_SP>
<Content>Гнип Виктория Валерьевна</Content>
<FIO>
<Surname>Гнип</Surname>
<First>Виктория</First>
<Patronymic>Валерьевна</Patronymic>
</FIO>
</Person>
</Owner>
<Registration >
<ID_Record>136977176527</ID_Record>
<RegNumber>27-27/001-27/074/204/2015-529/3</RegNumber>
<Type>001002000000</Type>
<Name>Долевая собственность, № 27-27/001-27/074/204/2015-529/3 от 15.10.2015, 1/5</Name>
<RegDate>15.10.2015</RegDate>
<ShareText>1/5</ShareText>
</Registration>
<NoEncumbrance>не зарегистрировано</NoEncumbrance>
</Right>
<Right RightNumber="3">
<Owner >
<ID_Subject>136977178827</ID_Subject>
<Person>
<Code_SP>007003000000</Code_SP>
<Content>Гнип Тимур Васильевич</Content>
<FIO>
<Surname>Гнип</Surname>
<First>Тимур</First>
<Patronymic>Васильевич</Patronymic>
</FIO>
</Person>
</Owner>
<Registration >
<ID_Record>136977178327</ID_Record>
<RegNumber>27-27/001-27/074/204/2015-529/6</RegNumber>
<Type>001002000000</Type>
<Name>Долевая собственность, № 27-27/001-27/074/204/2015-529/6 от 15.10.2015, 1/5</Name>
<RegDate>15.10.2015</RegDate>
<ShareText>1/5</ShareText>
</Registration>
<NoEncumbrance>не зарегистрировано</NoEncumbrance>
</Right>
<Right RightNumber="4">
<Owner >
<ID_Subject>112009728727</ID_Subject>
<Person>
<Code_SP>007003000000</Code_SP>
<Content>Прокофьев Валерий Александрович</Content>
<FIO>
<Surname>Прокофьев</Surname>
<First>Валерий</First>
<Patronymic>Александрович</Patronymic>
</FIO>
</Person>
</Owner>
<Registration >
<ID_Record>136977177727</ID_Record>
<RegNumber>27-27/001-27/074/204/2015-529/5</RegNumber>
<Type>001002000000</Type>
<Name>Долевая собственность, № 27-27/001-27/074/204/2015-529/5 от 15.10.2015, 1/5</Name>
<RegDate>15.10.2015</RegDate>
<ShareText>1/5</ShareText>
</Registration>
<NoEncumbrance>не зарегистрировано</NoEncumbrance>
</Right>
<Right RightNumber="5">
<Owner >
<ID_Subject>112009730327</ID_Subject>
<Person>
<Code_SP>007003000000</Code_SP>
<Content>Прокофьева Алла Валерьевна</Content>
<FIO>
<Surname>Прокофьева</Surname>
<First>Алла</First>
<Patronymic>Валерьевна</Patronymic>
</FIO>
</Person>
</Owner>
<Registration >
<ID_Record>136977177127</ID_Record>
<RegNumber>27-27/001-27/074/204/2015-529/4</RegNumber>
<Type>001002000000</Type>
<Name>Долевая собственность, № 27-27/001-27/074/204/2015-529/4 от 15.10.2015, 1/5</Name>
<RegDate>15.10.2015</RegDate>
<ShareText>1/5</ShareText>
</Registration>
<NoEncumbrance>не зарегистрировано</NoEncumbrance>
</Right>
<NoShareHolding>не зарегистрировано</NoShareHolding>
</ObjectRight>
<RightAssert>данные отсутствуют</RightAssert>
<RightClaim>данные отсутствуют</RightClaim>
<RightAgainst>данные отсутствуют</RightAgainst>
<RightSteal>данные отсутствуют</RightSteal>
<WithoutThirdParty>данные отсутствуют</WithoutThirdParty>
<InabilityRegWithoutOwner></InabilityRegWithoutOwner>
<InabilityRegZU></InabilityRegZU>
</ExtractObject>
<InfoENK/>
<InfoPIK/>
<FootContent>
<Recipient>Колонтаева Наталья Владимировна</Recipient>
<ExtractDate>25.09.2017</ExtractDate>
<Content></Content>
</FootContent>
</ExtractObjectRight>
</ReestrExtract>
</KPOKS>