<?xml version="1.0" encoding="UTF-8" ?>
<?xml-stylesheet type="text/xsl" href="https://portal.rosreestr.ru/xsl/EGRP/Reestr_Extract_Big/ROOM/07/Common.xsl"?>

<KPOKS xmlns="urn://x-artefacts-rosreestr-ru/outgoing/kpoks/4.0.1"
xmlns:smev="urn://x-artefacts-smev-gov-ru/supplementary/commons/1.0.1"
xmlns:num="urn://x-artefacts-rosreestr-ru/commons/complex-types/numbers/1.0"
xmlns:adrs="urn://x-artefacts-rosreestr-ru/commons/complex-types/address-output/4.0.1"
xmlns:spa="urn://x-artefacts-rosreestr-ru/commons/complex-types/entity-spatial/5.0.1"
xmlns:param="urn://x-artefacts-rosreestr-ru/commons/complex-types/parameters-oks/2.0.1"
xmlns:cer="urn://x-artefacts-rosreestr-ru/commons/complex-types/certification-doc/1.0"
xmlns:doc="urn://x-artefacts-rosreestr-ru/commons/complex-types/document-output/4.0.1"
xmlns:flat="urn://x-artefacts-rosreestr-ru/commons/complex-types/assignation-flat/1.0.1"
xmlns:ch="urn://x-artefacts-rosreestr-ru/commons/complex-types/cultural-heritage/2.0.1">
<Realty>
<Flat CadastralNumber="27:23:0050732:340" State="01"
DateCreated="2012-06-28"
>
<CadastralBlock>27:23:0050732</CadastralBlock>
<ObjectType>002001003000</ObjectType>
<ParentCadastralNumbers>
<CadastralNumberOKS>27:23:0050732:76</CadastralNumberOKS>
</ParentCadastralNumbers>
<OldNumbers>
<num:OldNumber Type="01" Number="12122" />
</OldNumbers>
<Assignation>
<flat:AssignationCode>206002000000</flat:AssignationCode>
<flat:AssignationType>205001000000</flat:AssignationType>
</Assignation>
<Area>30.6</Area>
<Address>
<adrs:OKATO>08401365000</adrs:OKATO>
<adrs:KLADR>27000001000040700</adrs:KLADR>
<adrs:Region>27</adrs:Region>
<adrs:City Name="Хабаровск" Type="г" />
<adrs:Street Name="Краснореченская" Type="ул" />
<adrs:Level1 Type="д" Value="23А" />
<adrs:Apartment Type="кв" Value="30" />
</Address>
<PositionInObject>
<Levels>
<Level Number="03" Type="01">
<Position NumberOnPlan="30">
</Position>
</Level>
</Levels>
</PositionInObject>
<CadastralCost Value="1351693.8" Unit="383" />
<Rights>
<Right>
<Name>Собственность</Name>
<Type>001001000000</Type>
<Owners>
<Owner>
<Person>
<FamilyName>Кортелева</FamilyName>
<FirstName>Елена</FirstName>
<Patronymic>Александровна</Patronymic>
</Person>
</Owner>
</Owners>
<Registration>
<RegNumber>27-27-01/053/2008-567</RegNumber>
<RegDate>2008-06-24</RegDate>
</Registration>
</Right>
</Rights>
<Encumbrances>
<Encumbrance>
<Type>022008000000</Type>
<OwnersRestrictionInFavorem>
<OwnerRestrictionInFavorem>
<Organization>
<Name>Открытое акционерное общество &quot;МДМ-БАНК&quot;</Name>
</Organization>
</OwnerRestrictionInFavorem>
</OwnersRestrictionInFavorem>
<Registration>
<RegNumber>27-27-01/053/2008-567</RegNumber>
<RegDate>2008-06-24</RegDate>
</Registration>
</Encumbrance>
</Encumbrances>
</Flat>
</Realty>
<CertificationDoc>
<cer:Organization>ФГИС ЕГРН</cer:Organization>
<cer:Date>2017-09-27</cer:Date>
<cer:Number>99/2017/29362365</cer:Number>
</CertificationDoc>
<CoordSystems>
<spa:CoordSystem Name="МСК-27 зона 3" CsId="ID0" />
</CoordSystems>
<eDocument CodeType="112" Version="07" Scope="GKN">
<Sender Kod="00.0.4.195"
Name="ФГИС ЕГРН"
Region="99"
Date_Upload="2017-09-27"
Appointment="Государственный регистратор"
/>
<Recipient Kod="00.0.4.111" Name="Колонтаева Наталья Владимировна" />
</eDocument>
<ReestrExtract>
<DeclarAttribute ID_KUVI="0"
ExtractTypeCode="012000"
ExtractTypeText="Выписка из Единого государственного реестра недвижимости об объекте недвижимости"
ExtractNumber="99/2017/29362365"
ExtractDate="27.09.2017"
RequeryNumber="80-15929293"
RequeryDate="27.09.2017"
ExtractCount="1"
NoticeCount="0"
RefuseCount="0"
Registrator="ФГИС ЕГРН">
<ReceivName>Колонтаева Наталья Владимировна</ReceivName>
<ReceivAdress>не указан</ReceivAdress>
</DeclarAttribute>
<ExtractObjectRight>
<HeadContent>
<ID_REC_KUVI>0</ID_REC_KUVI>
<Title>ФЕДЕРАЛЬНАЯ СЛУЖБА ГОСУДАРСТВЕННОЙ РЕГИСТРАЦИИ, КАДАСТРА И КАРТОГРАФИИ</Title>
<DeptName>ФГИС ЕГРН</DeptName>
<ExtractTitle>Выписка из Единого государственного реестра недвижимости об объекте недвижимости</ExtractTitle>
<Content>На основании запроса от 27.09.2017 г., поступившего на рассмотрение 27.09.2017 г., сообщаем, что согласно записям Единого государственного реестра недвижимости:</Content>
</HeadContent>
<ExtractObject>
<ObjectRight>
<Right RightNumber="1">
<Owner >
<ID_Subject>18867964827</ID_Subject>
<Person>
<Code_SP>007003000000</Code_SP>
<Content>Кортелева Елена Александровна</Content>
<FIO>
<Surname>Кортелева</Surname>
<First>Елена</First>
<Patronymic>Александровна</Patronymic>
</FIO>
</Person>
</Owner>
<Registration >
<ID_Record>129418228727</ID_Record>
<RegNumber>27-27-01/053/2008-567</RegNumber>
<Type>001001000000</Type>
<Name>Собственность, № 27-27-01/053/2008-567 от 24.06.2008</Name>
<RegDate>24.06.2008</RegDate>
</Registration>
<Encumbrance>
<ID_Record>129418229827</ID_Record>
<RegNumber>27-27-01/053/2008-567</RegNumber>
<Type>022008000000</Type>
<Name>Залог в силу закона</Name>
<ShareText>Весь объект
</ShareText>
<RegDate>24.06.2008</RegDate>
<Owner >
<ID_Subject>16299829827</ID_Subject>
<Organization>
<Code_SP>007002000000</Code_SP>
<Content>Публичное акционерное общество &quot;МДМ-Банк&quot;, ИНН: 7706074960</Content>
<Name>Публичное акционерное общество &quot;МДМ-Банк&quot;</Name>
<INN>7706074960</INN>
</Organization>
</Owner>
<DocFound>
<ID_Document>129418228127</ID_Document>
<Content>Договор купли-продажи квартиры, приобретаемой за счет кредитных средств, предоставляемых ОАО &quot;МДМ-Банк&quot; №03.Ф03/08.03 oт 20.06.2008г., дата регистрации 24.06.2008г., №27-27-01/053/2008-566</Content>
<Type_Document>010003007000</Type_Document>
<Name>Договор купли-продажи квартиры, приобретаемой за счет кредитных средств, предоставляемых ОАО &quot;МДМ-Банк&quot;</Name>
<Number>03.Ф03/08.03</Number>
<Date>20.06.2008</Date>
</DocFound>
</Encumbrance>
</Right>
<NoShareHolding>не зарегистрировано</NoShareHolding>
</ObjectRight>
<RightAssert>данные отсутствуют</RightAssert>
<RightClaim>данные отсутствуют</RightClaim>
<RightAgainst>данные отсутствуют</RightAgainst>
<RightSteal>данные отсутствуют</RightSteal>
<WithoutThirdParty>данные отсутствуют</WithoutThirdParty>
<InabilityRegWithoutOwner></InabilityRegWithoutOwner>
<InabilityRegZU></InabilityRegZU>
</ExtractObject>
<InfoENK/>
<InfoPIK/>
<FootContent>
<Recipient>Колонтаева Наталья Владимировна</Recipient>
<ExtractDate>27.09.2017</ExtractDate>
<Content></Content>
</FootContent>
</ExtractObjectRight>
</ReestrExtract>
</KPOKS>