<?xml version="1.0" encoding="UTF-8" ?>
<?xml-stylesheet type="text/xsl" href="https://portal.rosreestr.ru/xsl/EGRP/Reestr_Extract_Big/ROOM/07/Common.xsl"?>

<KPOKS xmlns="urn://x-artefacts-rosreestr-ru/outgoing/kpoks/4.0.1"
xmlns:smev="urn://x-artefacts-smev-gov-ru/supplementary/commons/1.0.1"
xmlns:num="urn://x-artefacts-rosreestr-ru/commons/complex-types/numbers/1.0"
xmlns:adrs="urn://x-artefacts-rosreestr-ru/commons/complex-types/address-output/4.0.1"
xmlns:spa="urn://x-artefacts-rosreestr-ru/commons/complex-types/entity-spatial/5.0.1"
xmlns:param="urn://x-artefacts-rosreestr-ru/commons/complex-types/parameters-oks/2.0.1"
xmlns:cer="urn://x-artefacts-rosreestr-ru/commons/complex-types/certification-doc/1.0"
xmlns:doc="urn://x-artefacts-rosreestr-ru/commons/complex-types/document-output/4.0.1"
xmlns:flat="urn://x-artefacts-rosreestr-ru/commons/complex-types/assignation-flat/1.0.1"
xmlns:ch="urn://x-artefacts-rosreestr-ru/commons/complex-types/cultural-heritage/2.0.1">
<Realty>
<Flat CadastralNumber="27:23:0050732:967" State="01"
DateCreated="2013-12-23"
>
<CadastralBlock>27:23:0050732</CadastralBlock>
<ObjectType>002001003000</ObjectType>
<ParentCadastralNumbers>
<CadastralNumberOKS>27:23:0050732:906</CadastralNumberOKS>
</ParentCadastralNumbers>
<OldNumbers>
<num:OldNumber Type="02" Number="27:23:400:13/12116:21" />
</OldNumbers>
<Assignation>
<flat:AssignationCode>206002000000</flat:AssignationCode>
<flat:AssignationType>205001000000</flat:AssignationType>
</Assignation>
<Area>63.6</Area>
<Address>
<adrs:OKATO>08401365000</adrs:OKATO>
<adrs:KLADR>27000001000040700</adrs:KLADR>
<adrs:Region>27</adrs:Region>
<adrs:City Name="Хабаровск" Type="г" />
<adrs:UrbanDistrict Name="Индустриальный" Type="р-н" />
<adrs:Street Name="Краснореченская" Type="ул" />
<adrs:Level1 Type="д" Value="13" />
<adrs:Apartment Type="кв" Value="21" />
</Address>
<PositionInObject>
<Levels>
<Level Number="02" Type="01">
<Position NumberOnPlan="">
</Position>
</Level>
</Levels>
</PositionInObject>
<CadastralCost Value="2809402.8" Unit="383" />
<Rights>
<Right>
<Name>Общая долевая собственность</Name>
<Type>001002000000</Type>
<Owners>
<Owner>
<Person>
<FamilyName>Михайлова</FamilyName>
<FirstName>Татьяна</FirstName>
<Patronymic>Геннадьевна</Patronymic>
</Person>
</Owner>
</Owners>
<Share Numerator="2" Denominator="3" />
<Registration>
<RegNumber>27-27-01/061/2013-191</RegNumber>
<RegDate>2013-10-04</RegDate>
</Registration>
</Right>
<Right>
<Name>Общая долевая собственность</Name>
<Type>001002000000</Type>
<Owners>
<Owner>
<Person>
<FamilyName>Михайлов</FamilyName>
<FirstName>Никита</FirstName>
<Patronymic>Александрович</Patronymic>
</Person>
</Owner>
</Owners>
<Share Numerator="1" Denominator="3" />
<Registration>
<RegNumber>27-01/11-1/2002-894</RegNumber>
<RegDate>2002-06-20</RegDate>
</Registration>
</Right>
</Rights>
<Encumbrances>
<Encumbrance>
<Type>022008000000</Type>
<OwnersRestrictionInFavorem>
<OwnerRestrictionInFavorem>
<Organization>
<Name>Открытое акционерное общество Сбербанк России</Name>
</Organization>
</OwnerRestrictionInFavorem>
</OwnersRestrictionInFavorem>
<Registration>
<RegNumber>27-27-01/061/2013-197</RegNumber>
<RegDate>2013-10-04</RegDate>
</Registration>
</Encumbrance>
<Encumbrance>
<Type>022007000000</Type>
<OwnersRestrictionInFavorem>
<OwnerRestrictionInFavorem>
<Organization>
<Name>Дальневосточный банк ОАО &quot;Сбербанк россии&quot;</Name>
</Organization>
</OwnerRestrictionInFavorem>
</OwnersRestrictionInFavorem>
<Registration>
<RegNumber>27-27-01/407/2013-996</RegNumber>
<RegDate>2013-11-13</RegDate>
</Registration>
</Encumbrance>
</Encumbrances>
</Flat>
</Realty>
<CertificationDoc>
<cer:Organization>ФГИС ЕГРН</cer:Organization>
<cer:Date>2017-09-25</cer:Date>
<cer:Number>99/2017/29146399</cer:Number>
</CertificationDoc>
<CoordSystems>
<spa:CoordSystem Name="МСК-27 зона 3" CsId="ID0" />
</CoordSystems>
<eDocument CodeType="112" Version="07" Scope="GKN">
<Sender Kod="00.0.4.195"
Name="ФГИС ЕГРН"
Region="99"
Date_Upload="2017-09-25"
Appointment="Государственный регистратор"
/>
<Recipient Kod="00.0.4.111" Name="Колонтаева Наталья Владимировна" />
</eDocument>
<ReestrExtract>
<DeclarAttribute ID_KUVI="0"
ExtractTypeCode="012000"
ExtractTypeText="Выписка из Единого государственного реестра недвижимости об объекте недвижимости"
ExtractNumber="99/2017/29146399"
ExtractDate="25.09.2017"
RequeryNumber="80-15729098"
RequeryDate="25.09.2017"
ExtractCount="1"
NoticeCount="0"
RefuseCount="0"
Registrator="ФГИС ЕГРН">
<ReceivName>Колонтаева Наталья Владимировна</ReceivName>
<ReceivAdress>не указан</ReceivAdress>
</DeclarAttribute>
<ExtractObjectRight>
<HeadContent>
<ID_REC_KUVI>0</ID_REC_KUVI>
<Title>ФЕДЕРАЛЬНАЯ СЛУЖБА ГОСУДАРСТВЕННОЙ РЕГИСТРАЦИИ, КАДАСТРА И КАРТОГРАФИИ</Title>
<DeptName>ФГИС ЕГРН</DeptName>
<ExtractTitle>Выписка из Единого государственного реестра недвижимости об объекте недвижимости</ExtractTitle>
<Content>На основании запроса от 25.09.2017 г., поступившего на рассмотрение 25.09.2017 г., сообщаем, что согласно записям Единого государственного реестра недвижимости:</Content>
</HeadContent>
<ExtractObject>
<ObjectRight>
<Right RightNumber="1">
<Owner >
<ID_Subject>20907580127</ID_Subject>
<Person>
<Code_SP>007003000000</Code_SP>
<Content>Михайлов Никита Александрович</Content>
<FIO>
<Surname>Михайлов</Surname>
<First>Никита</First>
<Patronymic>Александрович</Patronymic>
</FIO>
</Person>
</Owner>
<Registration >
<ID_Record>132896593327</ID_Record>
<RegNumber>27-01/11-1/2002-894</RegNumber>
<Type>001002000000</Type>
<Name>Долевая собственность, № 27-01/11-1/2002-894 от 20.06.2002, 1/3</Name>
<RegDate>20.06.2002</RegDate>
<ShareText>1/3</ShareText>
</Registration>
<Encumbrance>
<ID_Record>132896596727</ID_Record>
<RegNumber>27-27-01/407/2013-996</RegNumber>
<Type>022007000000</Type>
<Name>Ипотека</Name>
<ShareText>1/3 доли в праве общей долевой собственности
</ShareText>
<RegDate>13.11.2013</RegDate>
<Duration>
<Started>13.11.2013</Started>
<Term>с 13.11.2013 на 180 месяцев</Term>
</Duration>
<Owner >
<ID_Subject>114753940427</ID_Subject>
<Organization>
<Code_SP>007002000000</Code_SP>
<Content>Публичное акционерное общество &quot;Сбербанк России&quot;, ИНН: 7707083893</Content>
<Name>Публичное акционерное общество &quot;Сбербанк России&quot;</Name>
<INN>7707083893</INN>
</Organization>
</Owner>
<DocFound>
<ID_Document>132896596927</ID_Document>
<Content>Договор ипотеки oт 21.10.2013 №269251/1, дата регистрации 13.11.2013, №27-27-01/407/2013-996</Content>
<Type_Document>010003006000</Type_Document>
<Name>Договор ипотеки</Name>
<Number>269251/1</Number>
<Date>21.10.2013</Date>
</DocFound>
</Encumbrance>
</Right>
<Right RightNumber="2">
<Owner >
<ID_Subject>132896592327</ID_Subject>
<Person>
<Code_SP>007003000000</Code_SP>
<Content>Михайлова Татьяна Геннадьевна</Content>
<FIO>
<Surname>Михайлова</Surname>
<First>Татьяна</First>
<Patronymic>Геннадьевна</Patronymic>
</FIO>
</Person>
</Owner>
<Registration >
<ID_Record>132896591627</ID_Record>
<RegNumber>27-27-01/061/2013-191</RegNumber>
<Type>001002000000</Type>
<Name>Долевая собственность, № 27-27-01/061/2013-191 от 04.10.2013, 2/3</Name>
<RegDate>04.10.2013</RegDate>
<ShareText>2/3</ShareText>
</Registration>
<Encumbrance>
<ID_Record>132896595727</ID_Record>
<RegNumber>27-27-01/061/2013-197</RegNumber>
<Type>022008000000</Type>
<Name>Залог в силу закона</Name>
<ShareText>2/3 доли в праве общей долевой собственности на квартиру
</ShareText>
<RegDate>04.10.2013</RegDate>
<Duration>
<Started>04.10.2013</Started>
<Term>с 04.10.2013 на 180 месяцев</Term>
</Duration>
<Owner >
<ID_Subject>114753940427</ID_Subject>
<Organization>
<Code_SP>007002000000</Code_SP>
<Content>Публичное акционерное общество &quot;Сбербанк России&quot;, ИНН: 7707083893</Content>
<Name>Публичное акционерное общество &quot;Сбербанк России&quot;</Name>
<INN>7707083893</INN>
</Organization>
</Owner>
<DocFound>
<ID_Document>132896592127</ID_Document>
<Content>Договор купли-продажи доли квартиры oт 30.09.2013</Content>
<Type_Document>010003007000</Type_Document>
<Name>Договор купли-продажи доли квартиры</Name>
<Number>б/н</Number>
<Date>30.09.2013</Date>
</DocFound>
</Encumbrance>
</Right>
<NoShareHolding>не зарегистрировано</NoShareHolding>
</ObjectRight>
<RightAssert>данные отсутствуют</RightAssert>
<RightClaim>данные отсутствуют</RightClaim>
<RightAgainst>данные отсутствуют</RightAgainst>
<RightSteal>данные отсутствуют</RightSteal>
<WithoutThirdParty>данные отсутствуют</WithoutThirdParty>
<InabilityRegWithoutOwner></InabilityRegWithoutOwner>
<InabilityRegZU></InabilityRegZU>
</ExtractObject>
<InfoENK/>
<InfoPIK/>
<FootContent>
<Recipient>Колонтаева Наталья Владимировна</Recipient>
<ExtractDate>25.09.2017</ExtractDate>
<Content></Content>
</FootContent>
</ExtractObjectRight>
</ReestrExtract>
</KPOKS>