<?xml version="1.0" encoding="UTF-8" ?>
<?xml-stylesheet type="text/xsl" href="https://portal.rosreestr.ru/xsl/EGRP/Reestr_Extract_Big/ROOM/07/Common.xsl"?>

<KPOKS xmlns="urn://x-artefacts-rosreestr-ru/outgoing/kpoks/4.0.1"
xmlns:smev="urn://x-artefacts-smev-gov-ru/supplementary/commons/1.0.1"
xmlns:num="urn://x-artefacts-rosreestr-ru/commons/complex-types/numbers/1.0"
xmlns:adrs="urn://x-artefacts-rosreestr-ru/commons/complex-types/address-output/4.0.1"
xmlns:spa="urn://x-artefacts-rosreestr-ru/commons/complex-types/entity-spatial/5.0.1"
xmlns:param="urn://x-artefacts-rosreestr-ru/commons/complex-types/parameters-oks/2.0.1"
xmlns:cer="urn://x-artefacts-rosreestr-ru/commons/complex-types/certification-doc/1.0"
xmlns:doc="urn://x-artefacts-rosreestr-ru/commons/complex-types/document-output/4.0.1"
xmlns:flat="urn://x-artefacts-rosreestr-ru/commons/complex-types/assignation-flat/1.0.1"
xmlns:ch="urn://x-artefacts-rosreestr-ru/commons/complex-types/cultural-heritage/2.0.1">
<Realty>
<Flat CadastralNumber="27:23:0050732:158" State="01"
DateCreated="2012-06-28"
>
<CadastralBlock>27:23:0050732</CadastralBlock>
<ObjectType>002001003000</ObjectType>
<ParentCadastralNumbers>
<CadastralNumberOKS>27:23:0050732:60</CadastralNumberOKS>
</ParentCadastralNumbers>
<OldNumbers>
<num:OldNumber Type="01" Number="12151" />
</OldNumbers>
<Assignation>
<flat:AssignationCode>206002000000</flat:AssignationCode>
<flat:AssignationType>205001000000</flat:AssignationType>
</Assignation>
<Area>54.8</Area>
<Address>
<adrs:OKATO>08401365000</adrs:OKATO>
<adrs:KLADR>27000001000040700</adrs:KLADR>
<adrs:Region>27</adrs:Region>
<adrs:City Name="Хабаровск" Type="г" />
<adrs:Street Name="Краснореченская" Type="ул" />
<adrs:Level1 Type="д" Value="7" />
<adrs:Apartment Type="кв" Value="20" />
</Address>
<PositionInObject>
<Levels>
<Level Number="05" Type="01">
<Position NumberOnPlan="20">
</Position>
</Level>
</Levels>
</PositionInObject>
<CadastralCost Value="2420680.4" Unit="383" />
<Rights>
<Right>
<Name>Собственность</Name>
<Type>001001000000</Type>
<Owners>
<Owner>
<Person>
<FamilyName>Петров</FamilyName>
<FirstName>Иван</FirstName>
<Patronymic>Владимирович</Patronymic>
</Person>
</Owner>
</Owners>
<Registration>
<RegNumber>27-27-01/116/2012-624</RegNumber>
<RegDate>2012-09-03</RegDate>
</Registration>
</Right>
</Rights>
<Encumbrances>
<Encumbrance>
<Type>022008000000</Type>
<OwnersRestrictionInFavorem>
<OwnerRestrictionInFavorem>
<Governance>
<Name>Российская Федерация</Name>
</Governance>
</OwnerRestrictionInFavorem>
</OwnersRestrictionInFavorem>
<Registration>
<RegNumber>27-27-01/116/2012-626</RegNumber>
<RegDate>2012-09-03</RegDate>
</Registration>
</Encumbrance>
<Encumbrance>
<Type>022008000000</Type>
<OwnersRestrictionInFavorem>
<OwnerRestrictionInFavorem>
<Organization>
<Name>&quot;Газпромбанк&quot; (Открытое Акционерное Общество)</Name>
</Organization>
</OwnerRestrictionInFavorem>
</OwnersRestrictionInFavorem>
<Registration>
<RegNumber>27-27-01/116/2012-625</RegNumber>
<RegDate>2012-09-03</RegDate>
</Registration>
</Encumbrance>
</Encumbrances>
</Flat>
</Realty>
<CertificationDoc>
<cer:Organization>ФГИС ЕГРН</cer:Organization>
<cer:Date>2017-09-25</cer:Date>
<cer:Number>99/2017/29071613</cer:Number>
</CertificationDoc>
<CoordSystems>
<spa:CoordSystem Name="МСК-27 зона 3" CsId="ID0" />
</CoordSystems>
<eDocument CodeType="112" Version="07" Scope="GKN">
<Sender Kod="00.0.4.195"
Name="ФГИС ЕГРН"
Region="99"
Date_Upload="2017-09-25"
Appointment="Государственный регистратор"
/>
<Recipient Kod="00.0.4.111" Name="Колонтаева Наталья Владимировна" />
</eDocument>
<ReestrExtract>
<DeclarAttribute ID_KUVI="0"
ExtractTypeCode="012000"
ExtractTypeText="Выписка из Единого государственного реестра недвижимости об объекте недвижимости"
ExtractNumber="99/2017/29071613"
ExtractDate="25.09.2017"
RequeryNumber="80-15673475"
RequeryDate="25.09.2017"
ExtractCount="1"
NoticeCount="0"
RefuseCount="0"
Registrator="ФГИС ЕГРН">
<ReceivName>Колонтаева Наталья Владимировна</ReceivName>
<ReceivAdress>не указан</ReceivAdress>
</DeclarAttribute>
<ExtractObjectRight>
<HeadContent>
<ID_REC_KUVI>0</ID_REC_KUVI>
<Title>ФЕДЕРАЛЬНАЯ СЛУЖБА ГОСУДАРСТВЕННОЙ РЕГИСТРАЦИИ, КАДАСТРА И КАРТОГРАФИИ</Title>
<DeptName>ФГИС ЕГРН</DeptName>
<ExtractTitle>Выписка из Единого государственного реестра недвижимости об объекте недвижимости</ExtractTitle>
<Content>На основании запроса от 25.09.2017 г., поступившего на рассмотрение 25.09.2017 г., сообщаем, что согласно записям Единого государственного реестра недвижимости:</Content>
</HeadContent>
<ExtractObject>
<ObjectRight>
<Right RightNumber="1">
<Owner >
<ID_Subject>136859936427</ID_Subject>
<Person>
<Code_SP>007003000000</Code_SP>
<Content>Петров Иван Владимирович</Content>
<FIO>
<Surname>Петров</Surname>
<First>Иван</First>
<Patronymic>Владимирович</Patronymic>
</FIO>
</Person>
</Owner>
<Registration >
<ID_Record>136859935827</ID_Record>
<RegNumber>27-27-01/116/2012-624</RegNumber>
<Type>001001000000</Type>
<Name>Собственность, № 27-27-01/116/2012-624 от 03.09.2012</Name>
<RegDate>03.09.2012</RegDate>
</Registration>
<Encumbrance>
<ID_Record>136859937227</ID_Record>
<RegNumber>27-27-01/116/2012-625</RegNumber>
<Type>022008000000</Type>
<Name>Залог в силу закона</Name>
<ShareText>весь объект
</ShareText>
<RegDate>03.09.2012</RegDate>
<Duration>
<Started>03.09.2012</Started>
<Stopped>31.03.2029</Stopped>
<Term>с 03.09.2012 по 31.03.2029</Term>
</Duration>
<Owner >
<ID_Subject>16324615327</ID_Subject>
<Organization>
<Code_SP>007002000000</Code_SP>
<Content>&quot;Газпромбанк&quot; (Акционерное общество), ИНН: 7744001497</Content>
<Name>&quot;Газпромбанк&quot; (Акционерное общество)</Name>
<INN>7744001497</INN>
</Organization>
</Owner>
<DocFound>
<ID_Document>136859934827</ID_Document>
<Content>Договор купли-продажи квартиры с использованием ипотечного кредита oт 29.08.2012, дата регистрации 03.09.2012, №27-27-01/116/2012-623</Content>
<Type_Document>010003007000</Type_Document>
<Name>Договор купли-продажи квартиры с использованием ипотечного кредита</Name>
<Number>б/н</Number>
<Date>29.08.2012</Date>
</DocFound>
</Encumbrance>
<Encumbrance>
<ID_Record>136859937627</ID_Record>
<RegNumber>27-27-01/116/2012-626</RegNumber>
<Type>022008000000</Type>
<Name>Залог в силу закона</Name>
<ShareText>весь объект
</ShareText>
<RegDate>03.09.2012</RegDate>
<Duration>
<Started>03.09.2012</Started>
<Term>с 03.09.2012 до полного полного расчета</Term>
</Duration>
<Owner >
<ID_Subject>16261429627</ID_Subject>
<Governance>
<Code_SP>007001000000</Code_SP>
<Content>Российская Федерация</Content>
<Name>Российская Федерация</Name>
<OKATO_Code>08255000000</OKATO_Code>
<Country>Российская Федерация</Country>
<Address>Хабаровский край, г.Хабаровск</Address>
</Governance>
</Owner>
<DocFound>
<ID_Document>136859934827</ID_Document>
<Content>Договор купли-продажи квартиры с использованием ипотечного кредита oт 29.08.2012, дата регистрации 03.09.2012, №27-27-01/116/2012-623</Content>
<Type_Document>010003007000</Type_Document>
<Name>Договор купли-продажи квартиры с использованием ипотечного кредита</Name>
<Number>б/н</Number>
<Date>29.08.2012</Date>
</DocFound>
</Encumbrance>
</Right>
<NoShareHolding>не зарегистрировано</NoShareHolding>
</ObjectRight>
<RightAssert>данные отсутствуют</RightAssert>
<RightClaim>данные отсутствуют</RightClaim>
<RightAgainst>данные отсутствуют</RightAgainst>
<RightSteal>данные отсутствуют</RightSteal>
<WithoutThirdParty>данные отсутствуют</WithoutThirdParty>
<InabilityRegWithoutOwner></InabilityRegWithoutOwner>
<InabilityRegZU></InabilityRegZU>
</ExtractObject>
<InfoENK/>
<InfoPIK/>
<FootContent>
<Recipient>Колонтаева Наталья Владимировна</Recipient>
<ExtractDate>25.09.2017</ExtractDate>
<Content></Content>
</FootContent>
</ExtractObjectRight>
</ReestrExtract>
</KPOKS>