<?xml version="1.0" encoding="UTF-8" ?>
<?xml-stylesheet type="text/xsl" href="https://portal.rosreestr.ru/xsl/EGRP/Reestr_Extract_Big/ROOM/07/Common.xsl"?>

<KPOKS xmlns="urn://x-artefacts-rosreestr-ru/outgoing/kpoks/4.0.1"
xmlns:smev="urn://x-artefacts-smev-gov-ru/supplementary/commons/1.0.1"
xmlns:num="urn://x-artefacts-rosreestr-ru/commons/complex-types/numbers/1.0"
xmlns:adrs="urn://x-artefacts-rosreestr-ru/commons/complex-types/address-output/4.0.1"
xmlns:spa="urn://x-artefacts-rosreestr-ru/commons/complex-types/entity-spatial/5.0.1"
xmlns:param="urn://x-artefacts-rosreestr-ru/commons/complex-types/parameters-oks/2.0.1"
xmlns:cer="urn://x-artefacts-rosreestr-ru/commons/complex-types/certification-doc/1.0"
xmlns:doc="urn://x-artefacts-rosreestr-ru/commons/complex-types/document-output/4.0.1"
xmlns:flat="urn://x-artefacts-rosreestr-ru/commons/complex-types/assignation-flat/1.0.1"
xmlns:ch="urn://x-artefacts-rosreestr-ru/commons/complex-types/cultural-heritage/2.0.1">
<Realty>
<Flat CadastralNumber="27:23:0050732:122" State="01"
DateCreated="2012-06-28"
>
<CadastralBlock>27:23:0050732</CadastralBlock>
<ObjectType>002001003000</ObjectType>
<ParentCadastralNumbers>
<CadastralNumberOKS>27:23:0050732:60</CadastralNumberOKS>
</ParentCadastralNumbers>
<OldNumbers>
<num:OldNumber Type="01" Number="12151" />
</OldNumbers>
<Assignation>
<flat:AssignationCode>206002000000</flat:AssignationCode>
<flat:AssignationType>205001000000</flat:AssignationType>
</Assignation>
<Area>56.8</Area>
<Address>
<adrs:OKATO>08401365000</adrs:OKATO>
<adrs:KLADR>27000001000040700</adrs:KLADR>
<adrs:Region>27</adrs:Region>
<adrs:City Name="Хабаровск" Type="г" />
<adrs:Street Name="Краснореченская" Type="ул" />
<adrs:Level1 Type="д" Value="7" />
<adrs:Apartment Type="кв" Value="40" />
</Address>
<PositionInObject>
<Levels>
<Level Number="05" Type="01">
<Position NumberOnPlan="40">
</Position>
</Level>
</Levels>
</PositionInObject>
<CadastralCost Value="2509026.4" Unit="383" />
<Rights>
<Right>
<Name>Общая долевая собственность</Name>
<Type>001002000000</Type>
<Owners>
<Owner>
<Person>
<FamilyName>Тарабрин</FamilyName>
<FirstName>Илья</FirstName>
<Patronymic>Юрьевич</Patronymic>
</Person>
</Owner>
</Owners>
<Share Numerator="1" Denominator="2" />
<Registration>
<RegNumber>27-27/001-27/001/215/2016-1848/2</RegNumber>
<RegDate>2016-02-03</RegDate>
</Registration>
</Right>
<Right>
<Name>Общая долевая собственность</Name>
<Type>001002000000</Type>
<Owners>
<Owner>
<Person>
<FamilyName>Тарабрина</FamilyName>
<FirstName>Екатерина</FirstName>
<Patronymic>Сергеевна</Patronymic>
</Person>
</Owner>
</Owners>
<Share Numerator="1" Denominator="2" />
<Registration>
<RegNumber>27-27/001-27/001/215/2016-1848/3</RegNumber>
<RegDate>2016-02-03</RegDate>
</Registration>
</Right>
</Rights>
<Encumbrances>
<Encumbrance>
<Type>022008000000</Type>
<OwnersRestrictionInFavorem>
<OwnerRestrictionInFavorem>
<Organization>
<Name>Публичное акционерное общество &quot;Сбербанк России&quot;</Name>
</Organization>
</OwnerRestrictionInFavorem>
</OwnersRestrictionInFavorem>
<Registration>
<RegNumber>27-27/001-27/001/215/2016-1849/1</RegNumber>
<RegDate>2016-02-03</RegDate>
</Registration>
</Encumbrance>
<Encumbrance>
<Type>022007000000</Type>
<OwnersRestrictionInFavorem>
<OwnerRestrictionInFavorem>
<Organization>
<Name>Банк ВТБ 24 (публичное акционерное общество)</Name>
</Organization>
</OwnerRestrictionInFavorem>
</OwnersRestrictionInFavorem>
<Registration>
<RegNumber>27:23:0050732:122-27/001/2017-1</RegNumber>
<RegDate>2017-09-12</RegDate>
</Registration>
</Encumbrance>
</Encumbrances>
</Flat>
</Realty>
<CertificationDoc>
<cer:Organization>ФГИС ЕГРН</cer:Organization>
<cer:Date>2017-09-25</cer:Date>
<cer:Number>99/2017/29071759</cer:Number>
</CertificationDoc>
<CoordSystems>
<spa:CoordSystem Name="МСК-27 зона 3" CsId="ID0" />
</CoordSystems>
<eDocument CodeType="112" Version="07" Scope="GKN">
<Sender Kod="00.0.4.195"
Name="ФГИС ЕГРН"
Region="99"
Date_Upload="2017-09-25"
Appointment="Государственный регистратор"
/>
<Recipient Kod="00.0.4.111" Name="Колонтаева Наталья Владимировна" />
</eDocument>
<ReestrExtract>
<DeclarAttribute ID_KUVI="0"
ExtractTypeCode="012000"
ExtractTypeText="Выписка из Единого государственного реестра недвижимости об объекте недвижимости"
ExtractNumber="99/2017/29071759"
ExtractDate="25.09.2017"
RequeryNumber="80-15673609"
RequeryDate="25.09.2017"
ExtractCount="1"
NoticeCount="0"
RefuseCount="0"
Registrator="ФГИС ЕГРН">
<ReceivName>Колонтаева Наталья Владимировна</ReceivName>
<ReceivAdress>не указан</ReceivAdress>
</DeclarAttribute>
<ExtractObjectRight>
<HeadContent>
<ID_REC_KUVI>0</ID_REC_KUVI>
<Title>ФЕДЕРАЛЬНАЯ СЛУЖБА ГОСУДАРСТВЕННОЙ РЕГИСТРАЦИИ, КАДАСТРА И КАРТОГРАФИИ</Title>
<DeptName>ФГИС ЕГРН</DeptName>
<ExtractTitle>Выписка из Единого государственного реестра недвижимости об объекте недвижимости</ExtractTitle>
<Content>На основании запроса от 25.09.2017 г., поступившего на рассмотрение 25.09.2017 г., сообщаем, что согласно записям Единого государственного реестра недвижимости:</Content>
</HeadContent>
<ExtractObject>
<ObjectRight>
<Right RightNumber="1">
<Owner >
<ID_Subject>138682224127</ID_Subject>
<Person>
<Code_SP>007003000000</Code_SP>
<Content>Тарабрин Илья Юрьевич</Content>
<FIO>
<Surname>Тарабрин</Surname>
<First>Илья</First>
<Patronymic>Юрьевич</Patronymic>
</FIO>
</Person>
</Owner>
<Registration >
<ID_Record>138682223427</ID_Record>
<RegNumber>27-27/001-27/001/215/2016-1848/2</RegNumber>
<Type>001002000000</Type>
<Name>Долевая собственность, № 27-27/001-27/001/215/2016-1848/2 от 03.02.2016, 1/2</Name>
<RegDate>03.02.2016</RegDate>
<ShareText>1/2</ShareText>
</Registration>
<Encumbrance>
<ID_Record>138682226927</ID_Record>
<RegNumber>27-27/001-27/001/215/2016-1849/1</RegNumber>
<Type>022008000000</Type>
<Name>Залог в силу закона</Name>
<ShareText>весь объект
</ShareText>
<RegDate>03.02.2016</RegDate>
<Duration>
<Started>03.02.2016</Started>
<Term>с 03.02.2016 на 120 месяцев</Term>
</Duration>
<Owner >
<ID_Subject>134202278827</ID_Subject>
<Organization>
<Code_SP>007002000000</Code_SP>
<Content>Публичное акционерное общество &quot;Сбербанк России&quot;, ИНН: 7707083893</Content>
<Name>Публичное акционерное общество &quot;Сбербанк России&quot;</Name>
<INN>7707083893</INN>
</Organization>
</Owner>
<DocFound>
<ID_Document>138682223927</ID_Document>
<Content>Договор купли-продажи от 29.01.2016</Content>
<Type_Document>010003007000</Type_Document>
<Name>Договор купли-продажи</Name>
<Number>б/н</Number>
<Date>29.01.2016</Date>
</DocFound>
</Encumbrance>
<Encumbrance>
<ID_Record>138682227327</ID_Record>
<RegNumber>27:23:0050732:122-27/001/2017-1</RegNumber>
<Type>022007000000</Type>
<Name>Ипотека</Name>
<ShareText>весь объект
</ShareText>
<RegDate>12.09.2017</RegDate>
<Duration>
<Started>12.09.2017</Started>
<Term>с 12.09.2017 на 74 месяца</Term>
</Duration>
<Owner >
<ID_Subject>18224350127</ID_Subject>
<Organization>
<Code_SP>007002000000</Code_SP>
<Content>Банк ВТБ 24 (публичное акционерное общество), ИНН: 7710353606</Content>
<Name>Банк ВТБ 24 (публичное акционерное общество)</Name>
<INN>7710353606</INN>
</Organization>
</Owner>
<DocFound>
<ID_Document>138682227527</ID_Document>
<Content>Последующий договор об ипотеке oт 04.09.2017 №623/0056-0003448-301</Content>
<Type_Document>010003006000</Type_Document>
<Name>Последующий договор об ипотеке</Name>
<Number>623/0056-0003448-301</Number>
<Date>04.09.2017</Date>
<IssueOrgan>.</IssueOrgan>
</DocFound>
</Encumbrance>
</Right>
<Right RightNumber="2">
<Owner >
<ID_Subject>138682225127</ID_Subject>
<Person>
<Code_SP>007003000000</Code_SP>
<Content>Тарабрина Екатерина Сергеевна</Content>
<FIO>
<Surname>Тарабрина</Surname>
<First>Екатерина</First>
<Patronymic>Сергеевна</Patronymic>
</FIO>
</Person>
</Owner>
<Registration >
<ID_Record>138682224527</ID_Record>
<RegNumber>27-27/001-27/001/215/2016-1848/3</RegNumber>
<Type>001002000000</Type>
<Name>Долевая собственность, № 27-27/001-27/001/215/2016-1848/3 от 03.02.2016, 1/2</Name>
<RegDate>03.02.2016</RegDate>
<ShareText>1/2</ShareText>
</Registration>
<Encumbrance>
<ID_Record>138682227327</ID_Record>
<RegNumber>27:23:0050732:122-27/001/2017-1</RegNumber>
<Type>022007000000</Type>
<Name>Ипотека</Name>
<ShareText>весь объект
</ShareText>
<RegDate>12.09.2017</RegDate>
<Duration>
<Started>12.09.2017</Started>
<Term>с 12.09.2017 на 74 месяца</Term>
</Duration>
<Owner >
<ID_Subject>18224350127</ID_Subject>
<Organization>
<Code_SP>007002000000</Code_SP>
<Content>Банк ВТБ 24 (публичное акционерное общество), ИНН: 7710353606</Content>
<Name>Банк ВТБ 24 (публичное акционерное общество)</Name>
<INN>7710353606</INN>
</Organization>
</Owner>
<DocFound>
<ID_Document>138682227527</ID_Document>
<Content>Последующий договор об ипотеке oт 04.09.2017 №623/0056-0003448-301</Content>
<Type_Document>010003006000</Type_Document>
<Name>Последующий договор об ипотеке</Name>
<Number>623/0056-0003448-301</Number>
<Date>04.09.2017</Date>
<IssueOrgan>.</IssueOrgan>
</DocFound>
</Encumbrance>
<Encumbrance>
<ID_Record>138682226927</ID_Record>
<RegNumber>27-27/001-27/001/215/2016-1849/1</RegNumber>
<Type>022008000000</Type>
<Name>Залог в силу закона</Name>
<ShareText>весь объект
</ShareText>
<RegDate>03.02.2016</RegDate>
<Duration>
<Started>03.02.2016</Started>
<Term>с 03.02.2016 на 120 месяцев</Term>
</Duration>
<Owner >
<ID_Subject>134202278827</ID_Subject>
<Organization>
<Code_SP>007002000000</Code_SP>
<Content>Публичное акционерное общество &quot;Сбербанк России&quot;, ИНН: 7707083893</Content>
<Name>Публичное акционерное общество &quot;Сбербанк России&quot;</Name>
<INN>7707083893</INN>
</Organization>
</Owner>
<DocFound>
<ID_Document>138682223927</ID_Document>
<Content>Договор купли-продажи от 29.01.2016</Content>
<Type_Document>010003007000</Type_Document>
<Name>Договор купли-продажи</Name>
<Number>б/н</Number>
<Date>29.01.2016</Date>
</DocFound>
</Encumbrance>
</Right>
<NoShareHolding>не зарегистрировано</NoShareHolding>
</ObjectRight>
<RightAssert>данные отсутствуют</RightAssert>
<RightClaim>данные отсутствуют</RightClaim>
<RightAgainst>данные отсутствуют</RightAgainst>
<RightSteal>данные отсутствуют</RightSteal>
<WithoutThirdParty>данные отсутствуют</WithoutThirdParty>
<InabilityRegWithoutOwner></InabilityRegWithoutOwner>
<InabilityRegZU></InabilityRegZU>
</ExtractObject>
<InfoENK/>
<InfoPIK/>
<FootContent>
<Recipient>Колонтаева Наталья Владимировна</Recipient>
<ExtractDate>25.09.2017</ExtractDate>
<Content></Content>
</FootContent>
</ExtractObjectRight>
</ReestrExtract>
</KPOKS>