<?xml version="1.0" encoding="UTF-8" ?>
<?xml-stylesheet type="text/xsl" href="https://portal.rosreestr.ru/xsl/EGRP/Reestr_Extract_Big/ROOM/07/Common.xsl"?>

<KPOKS xmlns="urn://x-artefacts-rosreestr-ru/outgoing/kpoks/4.0.1"
xmlns:smev="urn://x-artefacts-smev-gov-ru/supplementary/commons/1.0.1"
xmlns:num="urn://x-artefacts-rosreestr-ru/commons/complex-types/numbers/1.0"
xmlns:adrs="urn://x-artefacts-rosreestr-ru/commons/complex-types/address-output/4.0.1"
xmlns:spa="urn://x-artefacts-rosreestr-ru/commons/complex-types/entity-spatial/5.0.1"
xmlns:param="urn://x-artefacts-rosreestr-ru/commons/complex-types/parameters-oks/2.0.1"
xmlns:cer="urn://x-artefacts-rosreestr-ru/commons/complex-types/certification-doc/1.0"
xmlns:doc="urn://x-artefacts-rosreestr-ru/commons/complex-types/document-output/4.0.1"
xmlns:flat="urn://x-artefacts-rosreestr-ru/commons/complex-types/assignation-flat/1.0.1"
xmlns:ch="urn://x-artefacts-rosreestr-ru/commons/complex-types/cultural-heritage/2.0.1">
<Realty>
<Flat CadastralNumber="27:23:0050732:938" State="01"
DateCreated="2013-10-30"
>
<CadastralBlock>27:23:0050732</CadastralBlock>
<ObjectType>002001003000</ObjectType>
<ParentCadastralNumbers>
<CadastralNumberOKS>27:23:0050732:80</CadastralNumberOKS>
</ParentCadastralNumbers>
<OldNumbers>
<num:OldNumber Type="01" Number="19153" />
</OldNumbers>
<Assignation>
<flat:AssignationCode>206001000000</flat:AssignationCode>
</Assignation>
<Area>73.7</Area>
<Address>
<adrs:OKATO>08401365000</adrs:OKATO>
<adrs:KLADR>27000001000083000</adrs:KLADR>
<adrs:Region>27</adrs:Region>
<adrs:City Name="Хабаровск" Type="г" />
<adrs:UrbanDistrict Name="Индустриальный" Type="р-н" />
<adrs:Street Name="Союзная" Type="ул" />
<adrs:Level1 Type="д" Value="14" />
<adrs:Apartment Type="пом" Value="I(1-3)" />
</Address>
<PositionInObject>
<Levels>
<Level Number="1" Type="01">
<Position NumberOnPlan="I(1-3)">
</Position>
</Level>
</Levels>
</PositionInObject>
<CadastralCost Value="1015873.43" Unit="383" />
<Rights>
<Right>
<Name>Собственность</Name>
<Type>001001000000</Type>
<Owners>
<Owner>
<Organization>
<Name>Акционерное общество &quot;Центр инновационных технологий города Хабаровска&quot;</Name>
</Organization>
</Owner>
</Owners>
<Registration>
<RegNumber>27-27-01/072/2005-534</RegNumber>
<RegDate>2005-11-21</RegDate>
</Registration>
</Right>
</Rights>
<Encumbrances>
<Encumbrance>
<Type>022006000000</Type>
<OwnersRestrictionInFavorem>
<OwnerRestrictionInFavorem>
<Person>
<FamilyName>Солодовникова</FamilyName>
<FirstName>Евгения</FirstName>
<Patronymic>Григорьевна</Patronymic>
</Person>
</OwnerRestrictionInFavorem>
</OwnersRestrictionInFavorem>
<Registration>
<RegNumber>27:23:0050732:938-27/001/2017-2</RegNumber>
<RegDate>2017-04-12</RegDate>
</Registration>
</Encumbrance>
</Encumbrances>
</Flat>
</Realty>
<CertificationDoc>
<cer:Organization>ФГИС ЕГРН</cer:Organization>
<cer:Date>2017-09-22</cer:Date>
<cer:Number>99/2017/28924169</cer:Number>
</CertificationDoc>
<CoordSystems>
<spa:CoordSystem Name="МСК-27 зона 3" CsId="ID0" />
</CoordSystems>
<eDocument CodeType="112" Version="07" Scope="GKN">
<Sender Kod="00.0.4.195"
Name="ФГИС ЕГРН"
Region="99"
Date_Upload="2017-09-22"
Appointment="Государственный регистратор"
/>
<Recipient Kod="00.0.4.111" Name="Колонтаева Наталья Владимировна" />
</eDocument>
<ReestrExtract>
<DeclarAttribute ID_KUVI="0"
ExtractTypeCode="012000"
ExtractTypeText="Выписка из Единого государственного реестра недвижимости об объекте недвижимости"
ExtractNumber="99/2017/28924169"
ExtractDate="22.09.2017"
RequeryNumber="80-15538849"
RequeryDate="22.09.2017"
ExtractCount="1"
NoticeCount="0"
RefuseCount="0"
Registrator="ФГИС ЕГРН">
<ReceivName>Колонтаева Наталья Владимировна</ReceivName>
<ReceivAdress>не указан</ReceivAdress>
</DeclarAttribute>
<ExtractObjectRight>
<HeadContent>
<ID_REC_KUVI>0</ID_REC_KUVI>
<Title>ФЕДЕРАЛЬНАЯ СЛУЖБА ГОСУДАРСТВЕННОЙ РЕГИСТРАЦИИ, КАДАСТРА И КАРТОГРАФИИ</Title>
<DeptName>ФГИС ЕГРН</DeptName>
<ExtractTitle>Выписка из Единого государственного реестра недвижимости об объекте недвижимости</ExtractTitle>
<Content>На основании запроса от 22.09.2017 г., поступившего на рассмотрение 22.09.2017 г., сообщаем, что согласно записям Единого государственного реестра недвижимости:</Content>
</HeadContent>
<ExtractObject>
<ObjectRight>
<Right RightNumber="1">
<Owner >
<ID_Subject>16260695627</ID_Subject>
<Organization>
<Code_SP>007002000000</Code_SP>
<Content>Акционерное общество &quot;Центр инновационных технологий города Хабаровска&quot;, ИНН: 2721121661</Content>
<Name>Акционерное общество &quot;Центр инновационных технологий города Хабаровска&quot;</Name>
<INN>2721121661</INN>
</Organization>
</Owner>
<Registration >
<ID_Record>137019820227</ID_Record>
<RegNumber>27-27-01/072/2005-534</RegNumber>
<Type>001001000000</Type>
<Name>Собственность, № 27-27-01/072/2005-534 от 21.11.2005</Name>
<RegDate>21.11.2005</RegDate>
</Registration>
<Encumbrance>
<ID_Record>137019831127</ID_Record>
<RegNumber>27:23:0050732:938-27/001/2017-2</RegNumber>
<Type>022006000000</Type>
<Name>Аренда</Name>
<ShareText>весь объект
</ShareText>
<RegDate>12.04.2017</RegDate>
<Duration>
<Started>12.04.2017</Started>
<Stopped>09.03.2022</Stopped>
<Term>с 12.04.2017 по 09.03.2022</Term>
</Duration>
<Owner >
<ID_Subject>110907016027</ID_Subject>
<Person>
<Code_SP>007003000000</Code_SP>
<Content>Солодовникова Евгения Григорьевна</Content>
<FIO>
<Surname>Солодовникова</Surname>
<First>Евгения</First>
<Patronymic>Григорьевна</Patronymic>
</FIO>
</Person>
</Owner>
<DocFound>
<ID_Document>137019830827</ID_Document>
<Content>Договор аренды объектов нежилого флнда от 15.03.2017 №55/17, выдавший орган: .</Content>
<Type_Document>010003004000</Type_Document>
<Name>Договор аренды объектов нежилого флнда</Name>
<Number>55/17</Number>
<Date>15.03.2017</Date>
<IssueOrgan>.</IssueOrgan>
</DocFound>
</Encumbrance>
</Right>
<NoShareHolding>не зарегистрировано</NoShareHolding>
</ObjectRight>
<RightAssert>данные отсутствуют</RightAssert>
<RightClaim>данные отсутствуют</RightClaim>
<RightAgainst>данные отсутствуют</RightAgainst>
<RightSteal>данные отсутствуют</RightSteal>
<WithoutThirdParty>данные отсутствуют</WithoutThirdParty>
<InabilityRegWithoutOwner></InabilityRegWithoutOwner>
<InabilityRegZU></InabilityRegZU>
</ExtractObject>
<InfoENK/>
<InfoPIK/>
<FootContent>
<Recipient>Колонтаева Наталья Владимировна</Recipient>
<ExtractDate>22.09.2017</ExtractDate>
<Content></Content>
</FootContent>
</ExtractObjectRight>
</ReestrExtract>
</KPOKS>