<?xml version="1.0" encoding="UTF-8" ?>
<?xml-stylesheet type="text/xsl" href="https://portal.rosreestr.ru/xsl/EGRP/Reestr_Extract_Big/ROOM/07/Common.xsl"?>

<KPOKS xmlns="urn://x-artefacts-rosreestr-ru/outgoing/kpoks/4.0.1"
xmlns:smev="urn://x-artefacts-smev-gov-ru/supplementary/commons/1.0.1"
xmlns:num="urn://x-artefacts-rosreestr-ru/commons/complex-types/numbers/1.0"
xmlns:adrs="urn://x-artefacts-rosreestr-ru/commons/complex-types/address-output/4.0.1"
xmlns:spa="urn://x-artefacts-rosreestr-ru/commons/complex-types/entity-spatial/5.0.1"
xmlns:param="urn://x-artefacts-rosreestr-ru/commons/complex-types/parameters-oks/2.0.1"
xmlns:cer="urn://x-artefacts-rosreestr-ru/commons/complex-types/certification-doc/1.0"
xmlns:doc="urn://x-artefacts-rosreestr-ru/commons/complex-types/document-output/4.0.1"
xmlns:flat="urn://x-artefacts-rosreestr-ru/commons/complex-types/assignation-flat/1.0.1"
xmlns:ch="urn://x-artefacts-rosreestr-ru/commons/complex-types/cultural-heritage/2.0.1">
<Realty>
<Flat CadastralNumber="27:23:0050722:817" State="01"
DateCreated="2013-06-07"
>
<CadastralBlock>27:23:0050722</CadastralBlock>
<ObjectType>002001003000</ObjectType>
<ParentCadastralNumbers>
<CadastralNumberOKS>27:23:0050722:34</CadastralNumberOKS>
</ParentCadastralNumbers>
<OldNumbers>
<num:OldNumber Type="01" Number="11894" />
<num:OldNumber Type="02" Number="27:394А:0:10:М" />
</OldNumbers>
<Assignation>
<flat:AssignationCode>206001000000</flat:AssignationCode>
</Assignation>
<Area>185</Area>
<Address>
<adrs:OKATO>08401365000</adrs:OKATO>
<adrs:KLADR>27000001000084900</adrs:KLADR>
<adrs:Region>27</adrs:Region>
<adrs:City Name="Хабаровск" Type="г" />
<adrs:UrbanDistrict Name="Индустриальный" Type="р-н" />
<adrs:Street Name="Суворова" Type="ул" />
<adrs:Level1 Type="д" Value="10" />
<adrs:Apartment Type="пом" Value="-I(1-4)" />
</Address>
<PositionInObject>
<Levels>
<Level Number="Подвал" Type="04">
<Position NumberOnPlan="1-4">
</Position>
</Level>
</Levels>
</PositionInObject>
<CadastralCost Value="1866640.75" Unit="383" />
<Rights>
<Right>
<Name>Собственность</Name>
<Type>001001000000</Type>
<Owners>
<Owner>
<Person>
<FamilyName>Вахитов</FamilyName>
<FirstName>Дамир</FirstName>
<Patronymic>Алвиртович</Patronymic>
</Person>
</Owner>
</Owners>
<Registration>
<RegNumber>27-27-01/041/2013-286</RegNumber>
<RegDate>2013-06-20</RegDate>
</Registration>
</Right>
</Rights>
<Encumbrances>
<Encumbrance>
<Type>022008000000</Type>
<OwnersRestrictionInFavorem>
<OwnerRestrictionInFavorem>
<Organization>
<Name>Дальневосточный банк ОАО &quot;Сбербанк россии&quot;</Name>
</Organization>
</OwnerRestrictionInFavorem>
</OwnersRestrictionInFavorem>
<Registration>
<RegNumber>27-27-01/041/2013-290</RegNumber>
<RegDate>2013-06-20</RegDate>
</Registration>
</Encumbrance>
<Encumbrance>
<Type>022007000000</Type>
<OwnersRestrictionInFavorem>
<OwnerRestrictionInFavorem>
<Organization>
<Name>Публичное акционерное общество &quot;Сбербанк России&quot;</Name>
</Organization>
</OwnerRestrictionInFavorem>
</OwnersRestrictionInFavorem>
<Registration>
<RegNumber>27:23:0050722:817-27/001/2017-1</RegNumber>
<RegDate>2017-07-07</RegDate>
</Registration>
</Encumbrance>
<Encumbrance>
<Type>022007000000</Type>
<OwnersRestrictionInFavorem>
<OwnerRestrictionInFavorem>
<Organization>
<Name>Дальневосточный банк ОАО &quot;Сбербанк россии&quot;</Name>
</Organization>
</OwnerRestrictionInFavorem>
</OwnersRestrictionInFavorem>
<Registration>
<RegNumber>27-27-01/404/2013-702</RegNumber>
<RegDate>2013-10-28</RegDate>
</Registration>
</Encumbrance>
</Encumbrances>
</Flat>
</Realty>
<CertificationDoc>
<cer:Organization>ФГИС ЕГРН</cer:Organization>
<cer:Date>2017-09-25</cer:Date>
<cer:Number>99/2017/29065398</cer:Number>
</CertificationDoc>
<Contractors>
<Contractor >
<FamilyName>Трубицына</FamilyName>
<FirstName>Екатерина</FirstName>
<Patronymic>Владимировна</Patronymic>
<NCertificate>27-13-67</NCertificate>
<Organization>
<Name>ООО &quot;Кадастровый центр&quot;</Name>
</Organization>
</Contractor>
</Contractors>
<CoordSystems>
<spa:CoordSystem Name="МСК-27 зона 3" CsId="ID0" />
</CoordSystems>
<eDocument CodeType="112" Version="07" Scope="GKN">
<Sender Kod="00.0.4.195"
Name="ФГИС ЕГРН"
Region="99"
Date_Upload="2017-09-25"
Appointment="Государственный регистратор"
/>
<Recipient Kod="00.0.4.111" Name="Колонтаева Наталья Владимировна" />
</eDocument>
<ReestrExtract>
<DeclarAttribute ID_KUVI="0"
ExtractTypeCode="012000"
ExtractTypeText="Выписка из Единого государственного реестра недвижимости об объекте недвижимости"
ExtractNumber="99/2017/29065398"
ExtractDate="25.09.2017"
RequeryNumber="80-15667745"
RequeryDate="25.09.2017"
ExtractCount="1"
NoticeCount="0"
RefuseCount="0"
Registrator="ФГИС ЕГРН">
<ReceivName>Колонтаева Наталья Владимировна</ReceivName>
<ReceivAdress>не указан</ReceivAdress>
</DeclarAttribute>
<ExtractObjectRight>
<HeadContent>
<ID_REC_KUVI>0</ID_REC_KUVI>
<Title>ФЕДЕРАЛЬНАЯ СЛУЖБА ГОСУДАРСТВЕННОЙ РЕГИСТРАЦИИ, КАДАСТРА И КАРТОГРАФИИ</Title>
<DeptName>ФГИС ЕГРН</DeptName>
<ExtractTitle>Выписка из Единого государственного реестра недвижимости об объекте недвижимости</ExtractTitle>
<Content>На основании запроса от 25.09.2017 г., поступившего на рассмотрение 25.09.2017 г., сообщаем, что согласно записям Единого государственного реестра недвижимости:</Content>
</HeadContent>
<ExtractObject>
<ObjectRight>
<Right RightNumber="1">
<Owner >
<ID_Subject>72008028827</ID_Subject>
<Person>
<Code_SP>007003000000</Code_SP>
<Content>Вахитов Дамир Алвиртович</Content>
<FIO>
<Surname>Вахитов</Surname>
<First>Дамир</First>
<Patronymic>Алвиртович</Patronymic>
</FIO>
</Person>
</Owner>
<Registration >
<ID_Record>137868490427</ID_Record>
<RegNumber>27-27-01/041/2013-286</RegNumber>
<Type>001001000000</Type>
<Name>Собственность, № 27-27-01/041/2013-286 от 20.06.2013</Name>
<RegDate>20.06.2013</RegDate>
</Registration>
<Encumbrance>
<ID_Record>137868503527</ID_Record>
<RegNumber>27:23:0050722:817-27/001/2017-1</RegNumber>
<Type>022007000000</Type>
<Name>Ипотека</Name>
<ShareText>весь объект
</ShareText>
<RegDate>07.07.2017</RegDate>
<Duration>
<Started>07.07.2017</Started>
<Stopped>26.06.2023</Stopped>
<Term>с 07.07.2017 по 26.06.2023</Term>
</Duration>
<Owner >
<ID_Subject>134202278827</ID_Subject>
<Organization>
<Code_SP>007002000000</Code_SP>
<Content>Публичное акционерное общество &quot;Сбербанк России&quot;, ИНН: 7707083893</Content>
<Name>Публичное акционерное общество &quot;Сбербанк России&quot;</Name>
<INN>7707083893</INN>
</Organization>
</Owner>
<DocFound>
<ID_Document>137868503727</ID_Document>
<Content>Договор ипотеки oт 27.06.2017 №9070GM9410LQ1G0GW2UZ2DЗ03</Content>
<Type_Document>010003006000</Type_Document>
<Name>Договор ипотеки</Name>
<Number>9070GM9410LQ1G0GW2UZ2DЗ03</Number>
<Date>27.06.2017</Date>
</DocFound>
</Encumbrance>
<Encumbrance>
<ID_Record>137868498927</ID_Record>
<RegNumber>27-27-01/041/2013-290</RegNumber>
<Type>022008000000</Type>
<Name>Залог в силу закона</Name>
<ShareText>весь объект
</ShareText>
<RegDate>20.06.2013</RegDate>
<Duration>
<Started>20.06.2013</Started>
<Stopped>15.05.2023</Stopped>
<Term>с 20.06.2013 по 15.05.2023</Term>
</Duration>
<Owner >
<ID_Subject>134202278827</ID_Subject>
<Organization>
<Code_SP>007002000000</Code_SP>
<Content>Публичное акционерное общество &quot;Сбербанк России&quot;, ИНН: 7707083893</Content>
<Name>Публичное акционерное общество &quot;Сбербанк России&quot;</Name>
<INN>7707083893</INN>
</Organization>
</Owner>
<DocFound>
<ID_Document>137868491327</ID_Document>
<Content>Договор купли-продажи oт 07.06.2013</Content>
<Type_Document>010003007000</Type_Document>
<Name>Договор купли-продажи</Name>
<Number>б/н</Number>
<Date>07.06.2013</Date>
</DocFound>
</Encumbrance>
<Encumbrance>
<ID_Record>137868495527</ID_Record>
<RegNumber>27-27-01/404/2013-702</RegNumber>
<Type>022007000000</Type>
<Name>Ипотека</Name>
<ShareText>весь объект
</ShareText>
<RegDate>28.10.2013</RegDate>
<Duration>
<Started>28.10.2013</Started>
<Stopped>15.05.2023</Stopped>
<Term>с 28.10.2013 по 15.05.2023</Term>
</Duration>
<Owner >
<ID_Subject>134202278827</ID_Subject>
<Organization>
<Code_SP>007002000000</Code_SP>
<Content>Публичное акционерное общество &quot;Сбербанк России&quot;, ИНН: 7707083893</Content>
<Name>Публичное акционерное общество &quot;Сбербанк России&quot;</Name>
<INN>7707083893</INN>
</Organization>
</Owner>
<DocFound>
<ID_Document>137868495827</ID_Document>
<Content>Договор ипотеки oт 17.09.2013 №102130046-1, дата регистрации 28.10.2013, №27-27-01/404/2013-702</Content>
<Type_Document>010003006000</Type_Document>
<Name>Договор ипотеки</Name>
<Number>102130046-1</Number>
<Date>17.09.2013</Date>
</DocFound>
</Encumbrance>
</Right>
<NoShareHolding>не зарегистрировано</NoShareHolding>
</ObjectRight>
<RightAssert>данные отсутствуют</RightAssert>
<RightClaim>данные отсутствуют</RightClaim>
<RightAgainst>данные отсутствуют</RightAgainst>
<RightSteal>данные отсутствуют</RightSteal>
<WithoutThirdParty>данные отсутствуют</WithoutThirdParty>
<InabilityRegWithoutOwner></InabilityRegWithoutOwner>
<InabilityRegZU></InabilityRegZU>
</ExtractObject>
<InfoENK/>
<InfoPIK/>
<FootContent>
<Recipient>Колонтаева Наталья Владимировна</Recipient>
<ExtractDate>25.09.2017</ExtractDate>
<Content></Content>
</FootContent>
</ExtractObjectRight>
</ReestrExtract>
</KPOKS>