<?xml version="1.0" encoding="UTF-8" ?>
<?xml-stylesheet type="text/xsl" href="https://portal.rosreestr.ru/xsl/EGRP/Reestr_Extract_Big/ROOM/07/Common.xsl"?>

<KPOKS xmlns="urn://x-artefacts-rosreestr-ru/outgoing/kpoks/4.0.1"
xmlns:smev="urn://x-artefacts-smev-gov-ru/supplementary/commons/1.0.1"
xmlns:num="urn://x-artefacts-rosreestr-ru/commons/complex-types/numbers/1.0"
xmlns:adrs="urn://x-artefacts-rosreestr-ru/commons/complex-types/address-output/4.0.1"
xmlns:spa="urn://x-artefacts-rosreestr-ru/commons/complex-types/entity-spatial/5.0.1"
xmlns:param="urn://x-artefacts-rosreestr-ru/commons/complex-types/parameters-oks/2.0.1"
xmlns:cer="urn://x-artefacts-rosreestr-ru/commons/complex-types/certification-doc/1.0"
xmlns:doc="urn://x-artefacts-rosreestr-ru/commons/complex-types/document-output/4.0.1"
xmlns:flat="urn://x-artefacts-rosreestr-ru/commons/complex-types/assignation-flat/1.0.1"
xmlns:ch="urn://x-artefacts-rosreestr-ru/commons/complex-types/cultural-heritage/2.0.1">
<Realty>
<Flat CadastralNumber="27:23:0050722:213" State="01"
DateCreated="2012-06-28"
>
<CadastralBlock>27:23:0050722</CadastralBlock>
<ObjectType>002001003000</ObjectType>
<ParentCadastralNumbers>
<CadastralNumberOKS>27:23:0050722:28</CadastralNumberOKS>
</ParentCadastralNumbers>
<OldNumbers>
<num:OldNumber Type="01" Number="11889" />
</OldNumbers>
<Assignation>
<flat:AssignationCode>206002000000</flat:AssignationCode>
<flat:AssignationType>205001000000</flat:AssignationType>
</Assignation>
<Area>41.9</Area>
<Address>
<adrs:OKATO>08401365000</adrs:OKATO>
<adrs:KLADR>27000001000083000</adrs:KLADR>
<adrs:Region>27</adrs:Region>
<adrs:City Name="Хабаровск" Type="г" />
<adrs:Street Name="Союзная" Type="ул" />
<adrs:Level1 Type="д" Value="66" />
<adrs:Apartment Type="кв" Value="49" />
</Address>
<PositionInObject>
<Levels>
<Level Number="03" Type="01">
<Position NumberOnPlan="49">
</Position>
</Level>
</Levels>
</PositionInObject>
<CadastralCost Value="1811252.78" Unit="383" />
<Rights>
<Right>
<Name>Собственность</Name>
<Type>001001000000</Type>
<Owners>
<Owner>
<Person>
<FamilyName>Гринченко</FamilyName>
<FirstName>Игорь</FirstName>
<Patronymic>Иванович</Patronymic>
</Person>
</Owner>
</Owners>
<Registration>
<RegNumber>27-27-01/223/2013-016</RegNumber>
<RegDate>2013-04-15</RegDate>
</Registration>
</Right>
</Rights>
<Encumbrances>
<Encumbrance>
<Type>022008000000</Type>
<OwnersRestrictionInFavorem>
<OwnerRestrictionInFavorem>
<Organization>
<Name>&quot;Газпромбанк&quot; (Открытое Акционерное Общество)</Name>
</Organization>
</OwnerRestrictionInFavorem>
</OwnersRestrictionInFavorem>
<Registration>
<RegNumber>27-27-01/223/2013-018</RegNumber>
<RegDate>2013-04-15</RegDate>
</Registration>
</Encumbrance>
<Encumbrance>
<Type>022008000000</Type>
<OwnersRestrictionInFavorem>
<OwnerRestrictionInFavorem>
<Governance>
<Name>Российская Федерация</Name>
</Governance>
</OwnerRestrictionInFavorem>
</OwnersRestrictionInFavorem>
<Registration>
<RegNumber>27-27-01/223/2013-019</RegNumber>
<RegDate>2013-04-15</RegDate>
</Registration>
</Encumbrance>
</Encumbrances>
</Flat>
</Realty>
<CertificationDoc>
<cer:Organization>ФГИС ЕГРН</cer:Organization>
<cer:Date>2017-09-24</cer:Date>
<cer:Number>99/2017/29048619</cer:Number>
</CertificationDoc>
<CoordSystems>
<spa:CoordSystem Name="МСК-27 зона 3" CsId="ID0" />
</CoordSystems>
<eDocument CodeType="112" Version="07" Scope="GKN">
<Sender Kod="00.0.4.195"
Name="ФГИС ЕГРН"
Region="99"
Date_Upload="2017-09-24"
Appointment="Государственный регистратор"
/>
<Recipient Kod="00.0.4.111" Name="Колонтаева Наталья Владимировна" />
</eDocument>
<ReestrExtract>
<DeclarAttribute ID_KUVI="0"
ExtractTypeCode="012000"
ExtractTypeText="Выписка из Единого государственного реестра недвижимости об объекте недвижимости"
ExtractNumber="99/2017/29048619"
ExtractDate="24.09.2017"
RequeryNumber="80-15653269"
RequeryDate="24.09.2017"
ExtractCount="1"
NoticeCount="0"
RefuseCount="0"
Registrator="ФГИС ЕГРН">
<ReceivName>Колонтаева Наталья Владимировна</ReceivName>
<ReceivAdress>не указан</ReceivAdress>
</DeclarAttribute>
<ExtractObjectRight>
<HeadContent>
<ID_REC_KUVI>0</ID_REC_KUVI>
<Title>ФЕДЕРАЛЬНАЯ СЛУЖБА ГОСУДАРСТВЕННОЙ РЕГИСТРАЦИИ, КАДАСТРА И КАРТОГРАФИИ</Title>
<DeptName>ФГИС ЕГРН</DeptName>
<ExtractTitle>Выписка из Единого государственного реестра недвижимости об объекте недвижимости</ExtractTitle>
<Content>На основании запроса от 24.09.2017 г., поступившего на рассмотрение 24.09.2017 г., сообщаем, что согласно записям Единого государственного реестра недвижимости:</Content>
</HeadContent>
<ExtractObject>
<ObjectRight>
<Right RightNumber="1">
<Owner >
<ID_Subject>137118340327</ID_Subject>
<Person>
<Code_SP>007003000000</Code_SP>
<Content>Гринченко Игорь Иванович</Content>
<FIO>
<Surname>Гринченко</Surname>
<First>Игорь</First>
<Patronymic>Иванович</Patronymic>
</FIO>
</Person>
</Owner>
<Registration >
<ID_Record>137118339727</ID_Record>
<RegNumber>27-27-01/223/2013-016</RegNumber>
<Type>001001000000</Type>
<Name>Собственность, № 27-27-01/223/2013-016 от 15.04.2013</Name>
<RegDate>15.04.2013</RegDate>
</Registration>
<Encumbrance>
<ID_Record>137118343227</ID_Record>
<RegNumber>27-27-01/223/2013-018</RegNumber>
<Type>022008000000</Type>
<Name>Залог в силу закона</Name>
<ShareText>весь объект
</ShareText>
<RegDate>15.04.2013</RegDate>
<Duration>
<Started>15.04.2013</Started>
<Stopped>30.06.2025</Stopped>
<Term>с 15.04.2013 по 30.06.2025</Term>
</Duration>
<Owner >
<ID_Subject>16324615327</ID_Subject>
<Organization>
<Code_SP>007002000000</Code_SP>
<Content>&quot;Газпромбанк&quot; (Акционерное общество), ИНН: 7744001497</Content>
<Name>&quot;Газпромбанк&quot; (Акционерное общество)</Name>
<INN>7744001497</INN>
</Organization>
</Owner>
<DocFound>
<ID_Document>137118338627</ID_Document>
<Content>Договор купли-продажи квартиры с использованием ипотечного кредита oт 10.04.2013</Content>
<Type_Document>010003007000</Type_Document>
<Name>Договор купли-продажи квартиры с использованием ипотечного кредита</Name>
<Number>б/н</Number>
<Date>10.04.2013</Date>
</DocFound>
</Encumbrance>
<Encumbrance>
<ID_Record>137118343627</ID_Record>
<RegNumber>27-27-01/223/2013-019</RegNumber>
<Type>022008000000</Type>
<Name>Залог в силу закона</Name>
<ShareText>весь объект
</ShareText>
<RegDate>15.04.2013</RegDate>
<Duration>
<Started>15.04.2013</Started>
<Term>с 15.04.2013 до полного расчета</Term>
</Duration>
<Owner >
<ID_Subject>16261429627</ID_Subject>
<Governance>
<Code_SP>007001000000</Code_SP>
<Content>Российская Федерация</Content>
<Name>Российская Федерация</Name>
<OKATO_Code>08255000000</OKATO_Code>
<Country>Российская Федерация</Country>
<Address>Хабаровский край, г.Хабаровск</Address>
</Governance>
</Owner>
<DocFound>
<ID_Document>137118338627</ID_Document>
<Content>Договор купли-продажи квартиры с использованием ипотечного кредита oт 10.04.2013</Content>
<Type_Document>010003007000</Type_Document>
<Name>Договор купли-продажи квартиры с использованием ипотечного кредита</Name>
<Number>б/н</Number>
<Date>10.04.2013</Date>
</DocFound>
</Encumbrance>
</Right>
<NoShareHolding>не зарегистрировано</NoShareHolding>
</ObjectRight>
<RightAssert>данные отсутствуют</RightAssert>
<RightClaim>данные отсутствуют</RightClaim>
<RightAgainst>данные отсутствуют</RightAgainst>
<RightSteal>данные отсутствуют</RightSteal>
<WithoutThirdParty>данные отсутствуют</WithoutThirdParty>
<InabilityRegWithoutOwner></InabilityRegWithoutOwner>
<InabilityRegZU></InabilityRegZU>
</ExtractObject>
<InfoENK/>
<InfoPIK/>
<FootContent>
<Recipient>Колонтаева Наталья Владимировна</Recipient>
<ExtractDate>24.09.2017</ExtractDate>
<Content></Content>
</FootContent>
</ExtractObjectRight>
</ReestrExtract>
</KPOKS>