<?xml version="1.0" encoding="UTF-8" ?>
<?xml-stylesheet type="text/xsl" href="https://portal.rosreestr.ru/xsl/EGRP/Reestr_Extract_Big/ROOM/07/Common.xsl"?>

<KPOKS xmlns="urn://x-artefacts-rosreestr-ru/outgoing/kpoks/4.0.1"
xmlns:smev="urn://x-artefacts-smev-gov-ru/supplementary/commons/1.0.1"
xmlns:num="urn://x-artefacts-rosreestr-ru/commons/complex-types/numbers/1.0"
xmlns:adrs="urn://x-artefacts-rosreestr-ru/commons/complex-types/address-output/4.0.1"
xmlns:spa="urn://x-artefacts-rosreestr-ru/commons/complex-types/entity-spatial/5.0.1"
xmlns:param="urn://x-artefacts-rosreestr-ru/commons/complex-types/parameters-oks/2.0.1"
xmlns:cer="urn://x-artefacts-rosreestr-ru/commons/complex-types/certification-doc/1.0"
xmlns:doc="urn://x-artefacts-rosreestr-ru/commons/complex-types/document-output/4.0.1"
xmlns:flat="urn://x-artefacts-rosreestr-ru/commons/complex-types/assignation-flat/1.0.1"
xmlns:ch="urn://x-artefacts-rosreestr-ru/commons/complex-types/cultural-heritage/2.0.1">
<Realty>
<Flat CadastralNumber="27:23:0051205:709" State="01"
DateCreated="2012-06-28"
>
<CadastralBlock>27:23:0051205</CadastralBlock>
<ObjectType>002001003000</ObjectType>
<ParentCadastralNumbers>
<CadastralNumberOKS>27:23:0051205:76</CadastralNumberOKS>
</ParentCadastralNumbers>
<OldNumbers>
<num:OldNumber Type="01" Number="15959" />
</OldNumbers>
<Assignation>
<flat:AssignationCode>206002000000</flat:AssignationCode>
<flat:AssignationType>205001000000</flat:AssignationType>
</Assignation>
<Area>62.3</Area>
<Address>
<adrs:OKATO>08401365000</adrs:OKATO>
<adrs:KLADR>27000001000040800</adrs:KLADR>
<adrs:Region>27</adrs:Region>
<adrs:City Name="Хабаровск" Type="г" />
<adrs:Street Name="Краснореченский" Type="пер" />
<adrs:Level1 Type="д" Value="6" />
<adrs:Apartment Type="кв" Value="19" />
</Address>
<PositionInObject>
<Levels>
<Level Number="02" Type="01">
<Position NumberOnPlan="19">
</Position>
</Level>
</Levels>
</PositionInObject>
<CadastralCost Value="2190892.26" Unit="383" />
<Rights>
<Right>
<Name>Собственность</Name>
<Type>001001000000</Type>
<Owners>
<Owner>
<Person>
<FamilyName>Феденев</FamilyName>
<FirstName>Максим</FirstName>
<Patronymic>Федорович</Patronymic>
</Person>
</Owner>
</Owners>
<Registration>
<RegNumber>27-27/001-27/002/200/2016-1396/2</RegNumber>
<RegDate>2016-07-05</RegDate>
</Registration>
</Right>
</Rights>
<Encumbrances>
<Encumbrance>
<Type>022008000000</Type>
<OwnersRestrictionInFavorem>
<OwnerRestrictionInFavorem>
<Organization>
<Name>Публичное акционерное общество &quot;Сбербанк России&quot;</Name>
</Organization>
</OwnerRestrictionInFavorem>
</OwnersRestrictionInFavorem>
<Registration>
<RegNumber>27-27/001-27/002/200/2016-1397/1</RegNumber>
<RegDate>2016-07-05</RegDate>
</Registration>
</Encumbrance>
<Encumbrance>
<Type>022008000000</Type>
<OwnersRestrictionInFavorem>
<OwnerRestrictionInFavorem>
<Governance>
<Name>Российская Федерация</Name>
</Governance>
</OwnerRestrictionInFavorem>
</OwnersRestrictionInFavorem>
<Registration>
<RegNumber>27-27/001-27/002/200/2016-1398/1</RegNumber>
<RegDate>2016-07-05</RegDate>
</Registration>
</Encumbrance>
</Encumbrances>
</Flat>
</Realty>
<CertificationDoc>
<cer:Organization>ФГИС ЕГРН</cer:Organization>
<cer:Date>2017-09-27</cer:Date>
<cer:Number>99/2017/29370868</cer:Number>
</CertificationDoc>
<CoordSystems>
<spa:CoordSystem Name="МСК-27 зона 3" CsId="ID0" />
</CoordSystems>
<eDocument CodeType="112" Version="07" Scope="GKN">
<Sender Kod="00.0.4.195"
Name="ФГИС ЕГРН"
Region="99"
Date_Upload="2017-09-27"
Appointment="Государственный регистратор"
/>
<Recipient Kod="00.0.4.111" Name="Колонтаева Наталья Владимировна" />
</eDocument>
<ReestrExtract>
<DeclarAttribute ID_KUVI="0"
ExtractTypeCode="012000"
ExtractTypeText="Выписка из Единого государственного реестра недвижимости об объекте недвижимости"
ExtractNumber="99/2017/29370868"
ExtractDate="27.09.2017"
RequeryNumber="80-15937108"
RequeryDate="27.09.2017"
ExtractCount="1"
NoticeCount="0"
RefuseCount="0"
Registrator="ФГИС ЕГРН">
<ReceivName>Колонтаева Наталья Владимировна</ReceivName>
<ReceivAdress>не указан</ReceivAdress>
</DeclarAttribute>
<ExtractObjectRight>
<HeadContent>
<ID_REC_KUVI>0</ID_REC_KUVI>
<Title>ФЕДЕРАЛЬНАЯ СЛУЖБА ГОСУДАРСТВЕННОЙ РЕГИСТРАЦИИ, КАДАСТРА И КАРТОГРАФИИ</Title>
<DeptName>ФГИС ЕГРН</DeptName>
<ExtractTitle>Выписка из Единого государственного реестра недвижимости об объекте недвижимости</ExtractTitle>
<Content>На основании запроса от 27.09.2017 г., поступившего на рассмотрение 27.09.2017 г., сообщаем, что согласно записям Единого государственного реестра недвижимости:</Content>
</HeadContent>
<ExtractObject>
<ObjectRight>
<Right RightNumber="1">
<Owner >
<ID_Subject>136957738427</ID_Subject>
<Person>
<Code_SP>007003000000</Code_SP>
<Content>Феденев Максим Федорович</Content>
<FIO>
<Surname>Феденев</Surname>
<First>Максим</First>
<Patronymic>Федорович</Patronymic>
</FIO>
</Person>
</Owner>
<Registration >
<ID_Record>136957737827</ID_Record>
<RegNumber>27-27/001-27/002/200/2016-1396/2</RegNumber>
<Type>001001000000</Type>
<Name>Собственность, № 27-27/001-27/002/200/2016-1396/2 от 05.07.2016</Name>
<RegDate>05.07.2016</RegDate>
</Registration>
<Encumbrance>
<ID_Record>136957740127</ID_Record>
<RegNumber>27-27/001-27/002/200/2016-1397/1</RegNumber>
<Type>022008000000</Type>
<Name>Залог в силу закона</Name>
<ShareText>весь объект
</ShareText>
<RegDate>05.07.2016</RegDate>
<Duration>
<Started>05.07.2016</Started>
<Stopped>30.06.2031</Stopped>
<Term>с 05.07.2016 по 30.06.2031</Term>
</Duration>
<Owner >
<ID_Subject>134202278827</ID_Subject>
<Organization>
<Code_SP>007002000000</Code_SP>
<Content>Публичное акционерное общество &quot;Сбербанк России&quot;, ИНН: 7707083893</Content>
<Name>Публичное акционерное общество &quot;Сбербанк России&quot;</Name>
<INN>7707083893</INN>
</Organization>
</Owner>
<DocFound>
<ID_Document>136957737227</ID_Document>
<Content>Договор купли-продажи квартиры от 02.06.2016</Content>
<Type_Document>010003007000</Type_Document>
<Name>Договор купли-продажи квартиры</Name>
<Number>б/н</Number>
<Date>02.06.2016</Date>
</DocFound>
</Encumbrance>
<Encumbrance>
<ID_Record>136957740527</ID_Record>
<RegNumber>27-27/001-27/002/200/2016-1398/1</RegNumber>
<Type>022008000000</Type>
<Name>Залог в силу закона</Name>
<ShareText>весь объект
</ShareText>
<RegDate>05.07.2016</RegDate>
<Duration>
<Started>05.07.2016</Started>
<Term>с 05.07.2016 До возникновения права у участника накопительно-ипотечной системы жилищного обеспечения военнослужащих на использование накоплений для жилищного обеспечения военнослужащих, либо до полного возврата средств целевого жилищного займа в случае и порядке, предусмотренном ч.2 ст. 15 Федерального закона от 20.08.2014г. № 117-ФЗ &quot;О накопительно-ипотечной системы жилищного обеспечения военнослужащих</Term>
</Duration>
<Owner >
<ID_Subject>16261429627</ID_Subject>
<Governance>
<Code_SP>007001000000</Code_SP>
<Content>Российская Федерация</Content>
<Name>Российская Федерация</Name>
<OKATO_Code>08255000000</OKATO_Code>
<Country>Российская Федерация</Country>
<Address>Хабаровский край, г.Хабаровск</Address>
</Governance>
</Owner>
<DocFound>
<ID_Document>136957737227</ID_Document>
<Content>Договор купли-продажи квартиры от 02.06.2016</Content>
<Type_Document>010003007000</Type_Document>
<Name>Договор купли-продажи квартиры</Name>
<Number>б/н</Number>
<Date>02.06.2016</Date>
</DocFound>
</Encumbrance>
</Right>
<NoShareHolding>не зарегистрировано</NoShareHolding>
</ObjectRight>
<RightAssert>данные отсутствуют</RightAssert>
<RightClaim>данные отсутствуют</RightClaim>
<RightAgainst>данные отсутствуют</RightAgainst>
<RightSteal>данные отсутствуют</RightSteal>
<WithoutThirdParty>данные отсутствуют</WithoutThirdParty>
<InabilityRegWithoutOwner></InabilityRegWithoutOwner>
<InabilityRegZU></InabilityRegZU>
</ExtractObject>
<InfoENK/>
<InfoPIK/>
<FootContent>
<Recipient>Колонтаева Наталья Владимировна</Recipient>
<ExtractDate>27.09.2017</ExtractDate>
<Content></Content>
</FootContent>
</ExtractObjectRight>
</ReestrExtract>
</KPOKS>