<?xml version="1.0" encoding="UTF-8" ?>
<?xml-stylesheet type="text/xsl" href="https://portal.rosreestr.ru/xsl/EGRP/Reestr_Extract_Big/ROOM/07/Common.xsl"?>

<KPOKS xmlns="urn://x-artefacts-rosreestr-ru/outgoing/kpoks/4.0.1"
xmlns:smev="urn://x-artefacts-smev-gov-ru/supplementary/commons/1.0.1"
xmlns:num="urn://x-artefacts-rosreestr-ru/commons/complex-types/numbers/1.0"
xmlns:adrs="urn://x-artefacts-rosreestr-ru/commons/complex-types/address-output/4.0.1"
xmlns:spa="urn://x-artefacts-rosreestr-ru/commons/complex-types/entity-spatial/5.0.1"
xmlns:param="urn://x-artefacts-rosreestr-ru/commons/complex-types/parameters-oks/2.0.1"
xmlns:cer="urn://x-artefacts-rosreestr-ru/commons/complex-types/certification-doc/1.0"
xmlns:doc="urn://x-artefacts-rosreestr-ru/commons/complex-types/document-output/4.0.1"
xmlns:flat="urn://x-artefacts-rosreestr-ru/commons/complex-types/assignation-flat/1.0.1"
xmlns:ch="urn://x-artefacts-rosreestr-ru/commons/complex-types/cultural-heritage/2.0.1">
<Realty>
<Flat CadastralNumber="27:23:0051205:1344" State="01"
DateCreated="2013-12-13"
>
<CadastralBlock>27:23:0051205</CadastralBlock>
<ObjectType>002001003000</ObjectType>
<ParentCadastralNumbers>
<CadastralNumberOKS>27:23:0051205:1289</CadastralNumberOKS>
</ParentCadastralNumbers>
<OldNumbers>
<num:OldNumber Type="02" Number="27-27-01/043/2007-865" />
</OldNumbers>
<Assignation>
<flat:AssignationCode>206002000000</flat:AssignationCode>
<flat:AssignationType>205001000000</flat:AssignationType>
</Assignation>
<Area>60.8</Area>
<Address>
<adrs:OKATO>08401365000</adrs:OKATO>
<adrs:KLADR>27000001000040800</adrs:KLADR>
<adrs:Region>27</adrs:Region>
<adrs:City Name="Хабаровск" Type="г" />
<adrs:UrbanDistrict Name="Индустриальный" Type="р-н" />
<adrs:Street Name="Краснореченский" Type="пер" />
<adrs:Level1 Type="д" Value="4" />
<adrs:Apartment Type="кв" Value="76" />
</Address>
<PositionInObject>
<Levels>
<Level Number="1" Type="01">
<Position NumberOnPlan="76">
</Position>
</Level>
</Levels>
</PositionInObject>
<CadastralCost Value="2203927.04" Unit="383" />
<Rights>
<Right>
<Name>Собственность</Name>
<Type>001001000000</Type>
<Owners>
<Owner>
<Person>
<FamilyName>Денисова</FamilyName>
<FirstName>Ирина</FirstName>
<Patronymic>Сергеевна</Patronymic>
</Person>
</Owner>
</Owners>
<Registration>
<RegNumber>27-27-01/493/2014-225</RegNumber>
<RegDate>2014-11-17</RegDate>
</Registration>
</Right>
</Rights>
<Encumbrances>
<Encumbrance>
<Type>022008000000</Type>
<OwnersRestrictionInFavorem>
<OwnerRestrictionInFavorem>
<Organization>
<Name>Акционерный коммерческий банк &quot;РОСБАНК&quot; (открытое акционерное общество)</Name>
</Organization>
</OwnerRestrictionInFavorem>
</OwnersRestrictionInFavorem>
<Registration>
<RegNumber>27-27-01/493/2014-227</RegNumber>
<RegDate>2014-11-17</RegDate>
</Registration>
</Encumbrance>
</Encumbrances>
</Flat>
</Realty>
<CertificationDoc>
<cer:Organization>ФГИС ЕГРН</cer:Organization>
<cer:Date>2017-09-26</cer:Date>
<cer:Number>99/2017/29302079</cer:Number>
</CertificationDoc>
<CoordSystems>
<spa:CoordSystem Name="МСК-27 зона 3" CsId="ID0" />
</CoordSystems>
<eDocument CodeType="112" Version="07" Scope="GKN">
<Sender Kod="00.0.4.195"
Name="ФГИС ЕГРН"
Region="99"
Date_Upload="2017-09-26"
Appointment="Государственный регистратор"
/>
<Recipient Kod="00.0.4.111" Name="Колонтаева Наталья Владимировна" />
</eDocument>
<ReestrExtract>
<DeclarAttribute ID_KUVI="0"
ExtractTypeCode="012000"
ExtractTypeText="Выписка из Единого государственного реестра недвижимости об объекте недвижимости"
ExtractNumber="99/2017/29302079"
ExtractDate="26.09.2017"
RequeryNumber="80-15870422"
RequeryDate="26.09.2017"
ExtractCount="1"
NoticeCount="0"
RefuseCount="0"
Registrator="ФГИС ЕГРН">
<ReceivName>Колонтаева Наталья Владимировна</ReceivName>
<ReceivAdress>не указан</ReceivAdress>
</DeclarAttribute>
<ExtractObjectRight>
<HeadContent>
<ID_REC_KUVI>0</ID_REC_KUVI>
<Title>ФЕДЕРАЛЬНАЯ СЛУЖБА ГОСУДАРСТВЕННОЙ РЕГИСТРАЦИИ, КАДАСТРА И КАРТОГРАФИИ</Title>
<DeptName>ФГИС ЕГРН</DeptName>
<ExtractTitle>Выписка из Единого государственного реестра недвижимости об объекте недвижимости</ExtractTitle>
<Content>На основании запроса от 26.09.2017 г., поступившего на рассмотрение 26.09.2017 г., сообщаем, что согласно записям Единого государственного реестра недвижимости:</Content>
</HeadContent>
<ExtractObject>
<ObjectRight>
<Right RightNumber="1">
<Owner >
<ID_Subject>137090552327</ID_Subject>
<Person>
<Code_SP>007003000000</Code_SP>
<Content>Денисова Ирина Сергеевна</Content>
<FIO>
<Surname>Денисова</Surname>
<First>Ирина</First>
<Patronymic>Сергеевна</Patronymic>
</FIO>
</Person>
</Owner>
<Registration >
<ID_Record>137090551727</ID_Record>
<RegNumber>27-27-01/493/2014-225</RegNumber>
<Type>001001000000</Type>
<Name>Собственность, № 27-27-01/493/2014-225 от 17.11.2014</Name>
<RegDate>17.11.2014</RegDate>
</Registration>
<Encumbrance>
<ID_Record>137090558627</ID_Record>
<RegNumber>27-27-01/493/2014-227</RegNumber>
<Type>022008000000</Type>
<Name>Залог в силу закона</Name>
<ShareText>весь объект
</ShareText>
<RegDate>17.11.2014</RegDate>
<Duration>
<Started>17.11.2014</Started>
<Term>с 17.11.2014 на 122 месяца</Term>
</Duration>
<Owner >
<ID_Subject>110784432127</ID_Subject>
<Organization>
<Code_SP>007002000000</Code_SP>
<Content>Публичное акционерное общество РОСБАНК, ИНН: 7730060164</Content>
<Name>Публичное акционерное общество РОСБАНК</Name>
<INN>7730060164</INN>
</Organization>
</Owner>
<DocFound>
<ID_Document>137090552127</ID_Document>
<Content>Договор купли-продажи квартиры (с использованием кредитных средств) от 12.10.2014</Content>
<Type_Document>010003007000</Type_Document>
<Name>Договор купли-продажи квартиры (с использованием кредитных средств)</Name>
<Number>б/н</Number>
<Date>12.10.2014</Date>
</DocFound>
</Encumbrance>
</Right>
<NoShareHolding>не зарегистрировано</NoShareHolding>
</ObjectRight>
<RightAssert>данные отсутствуют</RightAssert>
<RightClaim>данные отсутствуют</RightClaim>
<RightAgainst>данные отсутствуют</RightAgainst>
<RightSteal>данные отсутствуют</RightSteal>
<WithoutThirdParty>данные отсутствуют</WithoutThirdParty>
<InabilityRegWithoutOwner></InabilityRegWithoutOwner>
<InabilityRegZU></InabilityRegZU>
</ExtractObject>
<InfoENK/>
<InfoPIK/>
<FootContent>
<Recipient>Колонтаева Наталья Владимировна</Recipient>
<ExtractDate>26.09.2017</ExtractDate>
<Content></Content>
</FootContent>
</ExtractObjectRight>
</ReestrExtract>
</KPOKS>