<?xml version="1.0" encoding="UTF-8" ?>
<?xml-stylesheet type="text/xsl" href="https://portal.rosreestr.ru/xsl/EGRP/Reestr_Extract_Big/ROOM/07/Common.xsl"?>

<KPOKS xmlns="urn://x-artefacts-rosreestr-ru/outgoing/kpoks/4.0.1"
xmlns:smev="urn://x-artefacts-smev-gov-ru/supplementary/commons/1.0.1"
xmlns:num="urn://x-artefacts-rosreestr-ru/commons/complex-types/numbers/1.0"
xmlns:adrs="urn://x-artefacts-rosreestr-ru/commons/complex-types/address-output/4.0.1"
xmlns:spa="urn://x-artefacts-rosreestr-ru/commons/complex-types/entity-spatial/5.0.1"
xmlns:param="urn://x-artefacts-rosreestr-ru/commons/complex-types/parameters-oks/2.0.1"
xmlns:cer="urn://x-artefacts-rosreestr-ru/commons/complex-types/certification-doc/1.0"
xmlns:doc="urn://x-artefacts-rosreestr-ru/commons/complex-types/document-output/4.0.1"
xmlns:flat="urn://x-artefacts-rosreestr-ru/commons/complex-types/assignation-flat/1.0.1"
xmlns:ch="urn://x-artefacts-rosreestr-ru/commons/complex-types/cultural-heritage/2.0.1">
<Realty>
<Flat CadastralNumber="27:23:0051205:913" State="01"
DateCreated="2012-06-28"
>
<CadastralBlock>27:23:0051205</CadastralBlock>
<ObjectType>002001003000</ObjectType>
<ParentCadastralNumbers>
<CadastralNumberOKS>27:23:0051205:78</CadastralNumberOKS>
</ParentCadastralNumbers>
<OldNumbers>
<num:OldNumber Type="01" Number="15960" />
</OldNumbers>
<Assignation>
<flat:AssignationCode>206002000000</flat:AssignationCode>
<flat:AssignationType>205001000000</flat:AssignationType>
</Assignation>
<Area>59.9</Area>
<Address>
<adrs:OKATO>08401365000</adrs:OKATO>
<adrs:KLADR>27000001000040800</adrs:KLADR>
<adrs:Region>27</adrs:Region>
<adrs:City Name="Хабаровск" Type="г" />
<adrs:Street Name="Краснореченский" Type="пер" />
<adrs:Level1 Type="д" Value="8" />
<adrs:Apartment Type="кв" Value="11" />
</Address>
<PositionInObject>
<Levels>
<Level Number="04" Type="01">
<Position NumberOnPlan="11">
</Position>
</Level>
</Levels>
</PositionInObject>
<CadastralCost Value="2106491.92" Unit="383" />
<Rights>
<Right>
<Name>Общая долевая собственность</Name>
<Type>001002000000</Type>
<Owners>
<Owner>
<Person>
<FamilyName>Арзуманян</FamilyName>
<FirstName>Галина</FirstName>
<Patronymic>Васильевна</Patronymic>
</Person>
</Owner>
</Owners>
<Share Numerator="2" Denominator="7" />
<Registration>
<RegNumber>27-27/001-27/002/402/2015-9900/3</RegNumber>
<RegDate>2015-08-26</RegDate>
</Registration>
</Right>
<Right>
<Name>Общая долевая собственность</Name>
<Type>001002000000</Type>
<Owners>
<Owner>
<Person>
<FamilyName>Арзуманян</FamilyName>
<FirstName>Армен</FirstName>
<Patronymic>Артурович</Patronymic>
</Person>
</Owner>
</Owners>
<Share Numerator="1" Denominator="7" />
<Registration>
<RegNumber>27-27-01/025/2013-915</RegNumber>
<RegDate>2013-04-11</RegDate>
</Registration>
</Right>
<Right>
<Name>Общая долевая собственность</Name>
<Type>001002000000</Type>
<Owners>
<Owner>
<Person>
<FamilyName>Арзуманян</FamilyName>
<FirstName>Вагинак</FirstName>
<Patronymic>Амраевич</Patronymic>
</Person>
</Owner>
</Owners>
<Share Numerator="1" Denominator="7" />
<Registration>
<RegNumber>27-27-01/025/2013-915</RegNumber>
<RegDate>2013-04-11</RegDate>
</Registration>
</Right>
<Right>
<Name>Общая долевая собственность</Name>
<Type>001002000000</Type>
<Owners>
<Owner>
<Person>
<FamilyName>Арзуманян</FamilyName>
<FirstName>Артур</FirstName>
<Patronymic>Вагинакович</Patronymic>
</Person>
</Owner>
</Owners>
<Share Numerator="1" Denominator="7" />
<Registration>
<RegNumber>27-27-01/025/2013-915</RegNumber>
<RegDate>2013-04-11</RegDate>
</Registration>
</Right>
<Right>
<Name>Общая долевая собственность</Name>
<Type>001002000000</Type>
<Owners>
<Owner>
<Person>
<FamilyName>Арзуманян</FamilyName>
<FirstName>Аркадий</FirstName>
<Patronymic>Вагинакович</Patronymic>
</Person>
</Owner>
</Owners>
<Share Numerator="1" Denominator="7" />
<Registration>
<RegNumber>27-27-01/025/2013-915</RegNumber>
<RegDate>2013-04-11</RegDate>
</Registration>
</Right>
<Right>
<Name>Общая долевая собственность</Name>
<Type>001002000000</Type>
<Owners>
<Owner>
<Person>
<FamilyName>Арзуманян</FamilyName>
<FirstName>Ани</FirstName>
<Patronymic>Артуровна</Patronymic>
</Person>
</Owner>
</Owners>
<Share Numerator="1" Denominator="7" />
<Registration>
<RegNumber>27-27-01/025/2013-915</RegNumber>
<RegDate>2013-04-11</RegDate>
</Registration>
</Right>
</Rights>
<Encumbrances>
<Encumbrance>
<Type>022099000000</Type>
<Registration>
<RegNumber>27-27/001-27/001/001/2016-4312/1</RegNumber>
<RegDate>2016-08-04</RegDate>
</Registration>
</Encumbrance>
<Encumbrance>
<Type>022099000000</Type>
<Registration>
<RegNumber>27-27/001-27/001/001/2016-4314/1</RegNumber>
<RegDate>2016-08-04</RegDate>
</Registration>
</Encumbrance>
</Encumbrances>
</Flat>
</Realty>
<CertificationDoc>
<cer:Organization>ФГИС ЕГРН</cer:Organization>
<cer:Date>2017-09-27</cer:Date>
<cer:Number>99/2017/29436627</cer:Number>
</CertificationDoc>
<CoordSystems>
<spa:CoordSystem Name="МСК-27 зона 3" CsId="ID0" />
</CoordSystems>
<eDocument CodeType="112" Version="07" Scope="GKN">
<Sender Kod="00.0.4.195"
Name="ФГИС ЕГРН"
Region="99"
Date_Upload="2017-09-27"
Appointment="Государственный регистратор"
/>
<Recipient Kod="00.0.4.111" Name="Колонтаева Наталья Владимировна" />
</eDocument>
<ReestrExtract>
<DeclarAttribute ID_KUVI="0"
ExtractTypeCode="012000"
ExtractTypeText="Выписка из Единого государственного реестра недвижимости об объекте недвижимости"
ExtractNumber="99/2017/29436627"
ExtractDate="27.09.2017"
RequeryNumber="80-15996843"
RequeryDate="27.09.2017"
ExtractCount="1"
NoticeCount="0"
RefuseCount="0"
Registrator="ФГИС ЕГРН">
<ReceivName>Колонтаева Наталья Владимировна</ReceivName>
<ReceivAdress>не указан</ReceivAdress>
</DeclarAttribute>
<ExtractObjectRight>
<HeadContent>
<ID_REC_KUVI>0</ID_REC_KUVI>
<Title>ФЕДЕРАЛЬНАЯ СЛУЖБА ГОСУДАРСТВЕННОЙ РЕГИСТРАЦИИ, КАДАСТРА И КАРТОГРАФИИ</Title>
<DeptName>ФГИС ЕГРН</DeptName>
<ExtractTitle>Выписка из Единого государственного реестра недвижимости об объекте недвижимости</ExtractTitle>
<Content>На основании запроса от 27.09.2017 г., поступившего на рассмотрение 27.09.2017 г., сообщаем, что согласно записям Единого государственного реестра недвижимости:</Content>
</HeadContent>
<ExtractObject>
<ObjectRight>
<Right RightNumber="1">
<Owner >
<ID_Subject>119703197727</ID_Subject>
<Person>
<Code_SP>007003000000</Code_SP>
<Content>Арзуманян Армен Артурович</Content>
<FIO>
<Surname>Арзуманян</Surname>
<First>Армен</First>
<Patronymic>Артурович</Patronymic>
</FIO>
</Person>
</Owner>
<Registration >
<ID_Record>137030934027</ID_Record>
<RegNumber>27-27-01/025/2013-915</RegNumber>
<Type>001002000000</Type>
<Name>Долевая собственность, № 27-27-01/025/2013-915 от 11.04.2013, 1/7</Name>
<RegDate>11.04.2013</RegDate>
<ShareText>1/7</ShareText>
</Registration>
<NoEncumbrance>не зарегистрировано</NoEncumbrance>
</Right>
<Right RightNumber="2">
<Owner >
<ID_Subject>27172426327</ID_Subject>
<Person>
<Code_SP>007003000000</Code_SP>
<Content>Арзуманян Артур Вагинакович</Content>
<FIO>
<Surname>Арзуманян</Surname>
<First>Артур</First>
<Patronymic>Вагинакович</Patronymic>
</FIO>
</Person>
</Owner>
<Registration >
<ID_Record>137030931627</ID_Record>
<RegNumber>27-27-01/025/2013-915</RegNumber>
<Type>001002000000</Type>
<Name>Долевая собственность, № 27-27-01/025/2013-915 от 11.04.2013, 1/7</Name>
<RegDate>11.04.2013</RegDate>
<ShareText>1/7</ShareText>
</Registration>
<Encumbrance>
<ID_Record>137030936327</ID_Record>
<RegNumber>27-27/001-27/001/001/2016-4312/1</RegNumber>
<Type>022099000000</Type>
<Name>Прочие ограничения (обременения)</Name>
<ShareText>запрет на совершение действий по регистрации
</ShareText>
<RegDate>04.08.2016</RegDate>
<DocFound>
<ID_Document>137030936527</ID_Document>
<Content>Постановление о запрете на совершение действий по регистрации oт 04.08.2016, выдавший орган: Отдел судебных приставов по Индустриальному району г. Хабаровска, судебный пристав-исполнитель Логинов Виктор Сергеевич</Content>
<Type_Document>010005002000</Type_Document>
<Name>Постановление о запрете на совершение действий по регистрации</Name>
<Number>б/н</Number>
<Date>04.08.2016</Date>
<IssueOrgan>Отдел судебных приставов по Индустриальному району г. Хабаровска, судебный пристав-исполнитель Логинов Виктор Сергеевич</IssueOrgan>
</DocFound>
</Encumbrance>
<Encumbrance>
<ID_Record>137030936727</ID_Record>
<RegNumber>27-27/001-27/001/001/2016-4314/1</RegNumber>
<Type>022099000000</Type>
<Name>Прочие ограничения (обременения)</Name>
<ShareText>запрет на совершение действий по регистрации
</ShareText>
<RegDate>04.08.2016</RegDate>
<DocFound>
<ID_Document>137030936927</ID_Document>
<Content>Постановление о запрете на совершение действий по регистрации oт 04.08.2016</Content>
<Type_Document>010005002000</Type_Document>
<Name>Постановление о запрете на совершение действий по регистрации</Name>
<Number>б/н</Number>
<Date>04.08.2016</Date>
</DocFound>
</Encumbrance>
</Right>
<Right RightNumber="3">
<Owner >
<ID_Subject>137030935927</ID_Subject>
<Person>
<Code_SP>007003000000</Code_SP>
<Content>Арзуманян Ани Артуровна</Content>
<FIO>
<Surname>Арзуманян</Surname>
<First>Ани</First>
<Patronymic>Артуровна</Patronymic>
</FIO>
</Person>
</Owner>
<Registration >
<ID_Record>137030935527</ID_Record>
<RegNumber>27-27-01/025/2013-915</RegNumber>
<Type>001002000000</Type>
<Name>Долевая собственность, № 27-27-01/025/2013-915 от 11.04.2013, 1/7</Name>
<RegDate>11.04.2013</RegDate>
<ShareText>1/7</ShareText>
</Registration>
<NoEncumbrance>не зарегистрировано</NoEncumbrance>
</Right>
<Right RightNumber="4">
<Owner >
<ID_Subject>18670457427</ID_Subject>
<Person>
<Code_SP>007003000000</Code_SP>
<Content>Арзуманян Аркадий Вагинакович</Content>
<FIO>
<Surname>Арзуманян</Surname>
<First>Аркадий</First>
<Patronymic>Вагинакович</Patronymic>
</FIO>
</Person>
</Owner>
<Registration >
<ID_Record>137030934527</ID_Record>
<RegNumber>27-27-01/025/2013-915</RegNumber>
<Type>001002000000</Type>
<Name>Долевая собственность, № 27-27-01/025/2013-915 от 11.04.2013, 1/7</Name>
<RegDate>11.04.2013</RegDate>
<ShareText>1/7</ShareText>
</Registration>
<NoEncumbrance>не зарегистрировано</NoEncumbrance>
</Right>
<Right RightNumber="5">
<Owner >
<ID_Subject>31087323727</ID_Subject>
<Person>
<Code_SP>007003000000</Code_SP>
<Content>Арзуманян Вагинак Амраевич</Content>
<FIO>
<Surname>Арзуманян</Surname>
<First>Вагинак</First>
<Patronymic>Амраевич</Patronymic>
</FIO>
</Person>
</Owner>
<Registration >
<ID_Record>137030935027</ID_Record>
<RegNumber>27-27-01/025/2013-915</RegNumber>
<Type>001002000000</Type>
<Name>Долевая собственность, № 27-27-01/025/2013-915 от 11.04.2013, 1/7</Name>
<RegDate>11.04.2013</RegDate>
<ShareText>1/7</ShareText>
</Registration>
<NoEncumbrance>не зарегистрировано</NoEncumbrance>
</Right>
<Right RightNumber="6">
<Owner >
<ID_Subject>33552979727</ID_Subject>
<Person>
<Code_SP>007003000000</Code_SP>
<Content>Арзуманян Галина Васильевна</Content>
<FIO>
<Surname>Арзуманян</Surname>
<First>Галина</First>
<Patronymic>Васильевна</Patronymic>
</FIO>
</Person>
</Owner>
<Registration >
<ID_Record>137030930327</ID_Record>
<RegNumber>27-27/001-27/002/402/2015-9900/3</RegNumber>
<Type>001002000000</Type>
<Name>Долевая собственность, № 27-27/001-27/002/402/2015-9900/3 от 26.08.2015, 2/7</Name>
<RegDate>26.08.2015</RegDate>
<ShareText>2/7</ShareText>
</Registration>
<NoEncumbrance>не зарегистрировано</NoEncumbrance>
</Right>
<NoShareHolding>не зарегистрировано</NoShareHolding>
</ObjectRight>
<RightAssert>данные отсутствуют</RightAssert>
<RightClaim>данные отсутствуют</RightClaim>
<RightAgainst>данные отсутствуют</RightAgainst>
<RightSteal>данные отсутствуют</RightSteal>
<WithoutThirdParty>данные отсутствуют</WithoutThirdParty>
<InabilityRegWithoutOwner></InabilityRegWithoutOwner>
<InabilityRegZU></InabilityRegZU>
</ExtractObject>
<InfoENK/>
<InfoPIK/>
<FootContent>
<Recipient>Колонтаева Наталья Владимировна</Recipient>
<ExtractDate>27.09.2017</ExtractDate>
<Content></Content>
</FootContent>
</ExtractObjectRight>
</ReestrExtract>
</KPOKS>