<?xml version="1.0" encoding="UTF-8" ?>
<?xml-stylesheet type="text/xsl" href="https://portal.rosreestr.ru/xsl/EGRP/Reestr_Extract_Big/ROOM/07/Common.xsl"?>

<KPOKS xmlns="urn://x-artefacts-rosreestr-ru/outgoing/kpoks/4.0.1"
xmlns:smev="urn://x-artefacts-smev-gov-ru/supplementary/commons/1.0.1"
xmlns:num="urn://x-artefacts-rosreestr-ru/commons/complex-types/numbers/1.0"
xmlns:adrs="urn://x-artefacts-rosreestr-ru/commons/complex-types/address-output/4.0.1"
xmlns:spa="urn://x-artefacts-rosreestr-ru/commons/complex-types/entity-spatial/5.0.1"
xmlns:param="urn://x-artefacts-rosreestr-ru/commons/complex-types/parameters-oks/2.0.1"
xmlns:cer="urn://x-artefacts-rosreestr-ru/commons/complex-types/certification-doc/1.0"
xmlns:doc="urn://x-artefacts-rosreestr-ru/commons/complex-types/document-output/4.0.1"
xmlns:flat="urn://x-artefacts-rosreestr-ru/commons/complex-types/assignation-flat/1.0.1"
xmlns:ch="urn://x-artefacts-rosreestr-ru/commons/complex-types/cultural-heritage/2.0.1">
<Realty>
<Flat CadastralNumber="27:17:0301301:375" State="01"
DateCreated="2012-06-28"
>
<CadastralBlock>27:17:0301301</CadastralBlock>
<ObjectType>002001003000</ObjectType>
<ParentCadastralNumbers>
<CadastralNumberOKS>27:17:0301301:228</CadastralNumberOKS>
</ParentCadastralNumbers>
<OldNumbers>
<num:OldNumber Type="01" Number="1" />
</OldNumbers>
<Assignation>
<flat:AssignationCode>206002000000</flat:AssignationCode>
<flat:AssignationType>205001000000</flat:AssignationType>
</Assignation>
<Area>63.9</Area>
<Address>
<adrs:OKATO>08255000028</adrs:OKATO>
<adrs:KLADR>27018000025000800</adrs:KLADR>
<adrs:Region>27</adrs:Region>
<adrs:District Name="Хабаровский" Type="р-н" />
<adrs:Locality Name="Калинка" Type="с" />
<adrs:Street Name="Молодежная" Type="ул" />
<adrs:Level1 Type="д" Value="6" />
<adrs:Apartment Type="кв" Value="9" />
</Address>
<PositionInObject>
<Levels>
<Level Number="03" Type="01">
<Position NumberOnPlan="9">
</Position>
</Level>
</Levels>
</PositionInObject>
<CadastralCost Value="1235670.72" Unit="383" />
<Rights>
<Right>
<Name>Общая долевая собственность</Name>
<Type>001002000000</Type>
<Owners>
<Owner>
<Person>
<FamilyName>Миронович</FamilyName>
<FirstName>Валентина</FirstName>
<Patronymic>Александровна</Patronymic>
</Person>
</Owner>
</Owners>
<Share Numerator="1" Denominator="2" />
<Registration>
<RegNumber>27-27-01/099/2009-014</RegNumber>
<RegDate>2009-09-07</RegDate>
</Registration>
</Right>
<Right>
<Name>Общая долевая собственность</Name>
<Type>001002000000</Type>
<Owners>
<Owner>
<Person>
<FamilyName>Миронович</FamilyName>
<FirstName>Николай</FirstName>
<Patronymic>Николаевич</Patronymic>
</Person>
</Owner>
</Owners>
<Share Numerator="1" Denominator="2" />
<Registration>
<RegNumber>27-27-01/099/2009-014</RegNumber>
<RegDate>2009-09-07</RegDate>
</Registration>
</Right>
</Rights>
</Flat>
</Realty>
<CertificationDoc>
<cer:Organization>ФГИС ЕГРН</cer:Organization>
<cer:Date>2017-10-26</cer:Date>
<cer:Number>99/2017/32688068</cer:Number>
</CertificationDoc>
<CoordSystems>
<spa:CoordSystem Name="МСК-27 зона 3" CsId="ID0" />
</CoordSystems>
<eDocument CodeType="112" Version="07" Scope="GKN">
<Sender Kod="00.0.4.195"
Name="ФГИС ЕГРН"
Region="99"
Date_Upload="2017-10-26"
Appointment="Государственный регистратор"
/>
<Recipient Kod="00.0.4.111" Name="Колонтаева Наталья Владимировна" />
</eDocument>
<ReestrExtract>
<DeclarAttribute ID_KUVI="0"
ExtractTypeCode="012000"
ExtractTypeText="Выписка из Единого государственного реестра недвижимости об объекте недвижимости"
ExtractNumber="99/2017/32688068"
ExtractDate="26.10.2017"
RequeryNumber="80-18742860"
RequeryDate="26.10.2017"
ExtractCount="1"
NoticeCount="0"
RefuseCount="0"
Registrator="ФГИС ЕГРН">
<ReceivName>Колонтаева Наталья Владимировна</ReceivName>
<ReceivAdress>не указан</ReceivAdress>
</DeclarAttribute>
<ExtractObjectRight>
<HeadContent>
<ID_REC_KUVI>0</ID_REC_KUVI>
<Title>ФЕДЕРАЛЬНАЯ СЛУЖБА ГОСУДАРСТВЕННОЙ РЕГИСТРАЦИИ, КАДАСТРА И КАРТОГРАФИИ</Title>
<DeptName>ФГИС ЕГРН</DeptName>
<ExtractTitle>Выписка из Единого государственного реестра недвижимости об объекте недвижимости</ExtractTitle>
<Content>На основании запроса от 26.10.2017 г., поступившего на рассмотрение 26.10.2017 г., сообщаем, что согласно записям Единого государственного реестра недвижимости:</Content>
</HeadContent>
<ExtractObject>
<ObjectRight>
<Right RightNumber="1">
<Owner >
<ID_Subject>27692084327</ID_Subject>
<Person>
<Code_SP>007003000000</Code_SP>
<Content>Миронович Валентина Александровна</Content>
<FIO>
<Surname>Миронович</Surname>
<First>Валентина</First>
<Patronymic>Александровна</Patronymic>
</FIO>
</Person>
</Owner>
<Registration >
<ID_Record>130094902127</ID_Record>
<RegNumber>27-27-01/099/2009-014</RegNumber>
<Type>001002000000</Type>
<Name>Долевая собственность, № 27-27-01/099/2009-014 от 07.09.2009, 1/2</Name>
<RegDate>07.09.2009</RegDate>
<ShareText>1/2</ShareText>
</Registration>
<NoEncumbrance>не зарегистрировано</NoEncumbrance>
</Right>
<Right RightNumber="2">
<Owner >
<ID_Subject>21002704727</ID_Subject>
<Person>
<Code_SP>007003000000</Code_SP>
<Content>Миронович Николай Николаевич</Content>
<FIO>
<Surname>Миронович</Surname>
<First>Николай</First>
<Patronymic>Николаевич</Patronymic>
</FIO>
</Person>
</Owner>
<Registration >
<ID_Record>130094901627</ID_Record>
<RegNumber>27-27-01/099/2009-014</RegNumber>
<Type>001002000000</Type>
<Name>Долевая собственность, № 27-27-01/099/2009-014 от 07.09.2009, 1/2</Name>
<RegDate>07.09.2009</RegDate>
<ShareText>1/2</ShareText>
</Registration>
<NoEncumbrance>не зарегистрировано</NoEncumbrance>
</Right>
<NoShareHolding>не зарегистрировано</NoShareHolding>
</ObjectRight>
<RightAssert>данные отсутствуют</RightAssert>
<RightClaim>данные отсутствуют</RightClaim>
<RightAgainst>данные отсутствуют</RightAgainst>
<RightSteal>данные отсутствуют</RightSteal>
<WithoutThirdParty>данные отсутствуют</WithoutThirdParty>
<InabilityRegWithoutOwner></InabilityRegWithoutOwner>
<InabilityRegZU></InabilityRegZU>
</ExtractObject>
<InfoENK/>
<InfoPIK/>
<FootContent>
<Recipient>Колонтаева Наталья Владимировна</Recipient>
<ExtractDate>26.10.2017</ExtractDate>
<Content></Content>
</FootContent>
</ExtractObjectRight>
</ReestrExtract>
</KPOKS>