<?xml version="1.0" encoding="UTF-8" ?>
<?xml-stylesheet type="text/xsl" href="https://portal.rosreestr.ru/xsl/EGRP/Reestr_Extract_Big/ROOM/07/Common.xsl"?>

<KPOKS xmlns="urn://x-artefacts-rosreestr-ru/outgoing/kpoks/4.0.1"
xmlns:smev="urn://x-artefacts-smev-gov-ru/supplementary/commons/1.0.1"
xmlns:num="urn://x-artefacts-rosreestr-ru/commons/complex-types/numbers/1.0"
xmlns:adrs="urn://x-artefacts-rosreestr-ru/commons/complex-types/address-output/4.0.1"
xmlns:spa="urn://x-artefacts-rosreestr-ru/commons/complex-types/entity-spatial/5.0.1"
xmlns:param="urn://x-artefacts-rosreestr-ru/commons/complex-types/parameters-oks/2.0.1"
xmlns:cer="urn://x-artefacts-rosreestr-ru/commons/complex-types/certification-doc/1.0"
xmlns:doc="urn://x-artefacts-rosreestr-ru/commons/complex-types/document-output/4.0.1"
xmlns:flat="urn://x-artefacts-rosreestr-ru/commons/complex-types/assignation-flat/1.0.1"
xmlns:ch="urn://x-artefacts-rosreestr-ru/commons/complex-types/cultural-heritage/2.0.1">
<Realty>
<Flat CadastralNumber="27:23:0050732:907" State="06"
DateCreated="2013-03-01"
>
<CadastralBlock>27:23:0050732</CadastralBlock>
<ObjectType>002001003000</ObjectType>
<ParentCadastralNumbers>
<CadastralNumberOKS>27:23:0050732:87</CadastralNumberOKS>
</ParentCadastralNumbers>
<OldNumbers>
<num:OldNumber Type="01" Number="12135" />
<num:OldNumber Type="99" Number="уч 16-72-2027" />
</OldNumbers>
<Assignation>
<flat:AssignationCode>206001000000</flat:AssignationCode>
</Assignation>
<Area>59.1</Area>
<Address>
<adrs:OKATO>08401365000</adrs:OKATO>
<adrs:KLADR>27000001000084700</adrs:KLADR>
<adrs:Region>27</adrs:Region>
<adrs:City Name="Хабаровск" Type="г" />
<adrs:Street Name="Строительная" Type="ул" />
<adrs:Level1 Type="д" Value="4А" />
<adrs:Apartment Type="пом" Value="I(7-9)" />
</Address>
<PositionInObject>
<Levels>
<Level Number="1" Type="01">
<Position NumberOnPlan="">
</Position>
</Level>
</Levels>
</PositionInObject>
<CadastralCost Value="372425.15" Unit="383" />
<Rights>
<Right>
<Name>Собственность</Name>
<Type>001001000000</Type>
<Owners>
<Owner>
<Person>
<FamilyName>Почекунина</FamilyName>
<FirstName>Наталья</FirstName>
<Patronymic>Викторовна</Patronymic>
</Person>
</Owner>
</Owners>
<Registration>
<RegNumber>27-27-01/043/2013-256</RegNumber>
<RegDate>2013-06-27</RegDate>
</Registration>
</Right>
</Rights>
<Encumbrances>
<Encumbrance>
<Type>022006000000</Type>
<OwnersRestrictionInFavorem>
<OwnerRestrictionInFavorem>
<Organization>
<Name>ООО &quot;Груша&quot;</Name>
</Organization>
</OwnerRestrictionInFavorem>
</OwnersRestrictionInFavorem>
<Registration>
<RegNumber>27:23:0050732:907-27/001/2017-2</RegNumber>
<RegDate>2017-04-12</RegDate>
</Registration>
</Encumbrance>
</Encumbrances>
<Notes>Функциональное помещение.</Notes>
</Flat>
</Realty>
<CertificationDoc>
<cer:Organization>ФГИС ЕГРН</cer:Organization>
<cer:Date>2017-09-22</cer:Date>
<cer:Number>99/2017/28949239</cer:Number>
</CertificationDoc>
<CoordSystems>
<spa:CoordSystem Name="МСК-27 зона 3" CsId="ID0" />
</CoordSystems>
<eDocument CodeType="112" Version="07" Scope="GKN">
<Sender Kod="00.0.4.195"
Name="ФГИС ЕГРН"
Region="99"
Date_Upload="2017-09-22"
Appointment="Государственный регистратор"
/>
<Recipient Kod="00.0.4.111" Name="Колонтаева Наталья Владимировна" />
</eDocument>
<ReestrExtract>
<DeclarAttribute ID_KUVI="0"
ExtractTypeCode="012000"
ExtractTypeText="Выписка из Единого государственного реестра недвижимости об объекте недвижимости"
ExtractNumber="99/2017/28949239"
ExtractDate="22.09.2017"
RequeryNumber="80-15539988"
RequeryDate="22.09.2017"
ExtractCount="1"
NoticeCount="0"
RefuseCount="0"
Registrator="ФГИС ЕГРН">
<ReceivName>Колонтаева Наталья Владимировна</ReceivName>
<ReceivAdress>не указан</ReceivAdress>
</DeclarAttribute>
<ExtractObjectRight>
<HeadContent>
<ID_REC_KUVI>0</ID_REC_KUVI>
<Title>ФЕДЕРАЛЬНАЯ СЛУЖБА ГОСУДАРСТВЕННОЙ РЕГИСТРАЦИИ, КАДАСТРА И КАРТОГРАФИИ</Title>
<DeptName>ФГИС ЕГРН</DeptName>
<ExtractTitle>Выписка из Единого государственного реестра недвижимости об объекте недвижимости</ExtractTitle>
<Content>На основании запроса от 22.09.2017 г., поступившего на рассмотрение 22.09.2017 г., сообщаем, что согласно записям Единого государственного реестра недвижимости:</Content>
</HeadContent>
<ExtractObject>
<ObjectRight>
<Right RightNumber="1">
<Owner >
<ID_Subject>17660099927</ID_Subject>
<Person>
<Code_SP>007003000000</Code_SP>
<Content>Почекунина Наталья Викторовна</Content>
<FIO>
<Surname>Почекунина</Surname>
<First>Наталья</First>
<Patronymic>Викторовна</Patronymic>
</FIO>
</Person>
</Owner>
<Registration >
<ID_Record>133465096327</ID_Record>
<RegNumber>27-27-01/043/2013-256</RegNumber>
<Type>001001000000</Type>
<Name>Собственность, № 27-27-01/043/2013-256 от 27.06.2013</Name>
<RegDate>27.06.2013</RegDate>
</Registration>
<Encumbrance>
<ID_Record>133465102027</ID_Record>
<RegNumber>27:23:0050732:907-27/001/2017-2</RegNumber>
<Type>022006000000</Type>
<Name>Аренда</Name>
<ShareText>весь объект
</ShareText>
<RegDate>12.04.2017</RegDate>
<Duration>
<Started>12.04.2017</Started>
<Stopped>01.04.2030</Stopped>
<Term>с 12.04.2017 по 01.04.2030</Term>
</Duration>
<Owner >
<ID_Subject>133465101727</ID_Subject>
<Organization>
<Code_SP>007002000000</Code_SP>
<Content>ООО &quot;Груша&quot;</Content>
<Name>ООО &quot;Груша&quot;</Name>
</Organization>
</Owner>
<DocFound>
<ID_Document>133465101527</ID_Document>
<Content>Договор аренды нежилого помещения от 31.03.2017, выдавший орган: .</Content>
<Type_Document>010003004000</Type_Document>
<Name>Договор аренды нежилого помещения</Name>
<Number>б/н</Number>
<Date>31.03.2017</Date>
<IssueOrgan>.</IssueOrgan>
</DocFound>
</Encumbrance>
</Right>
<NoShareHolding>не зарегистрировано</NoShareHolding>
</ObjectRight>
<RightAssert>данные отсутствуют</RightAssert>
<RightClaim>данные отсутствуют</RightClaim>
<RightAgainst>данные отсутствуют</RightAgainst>
<RightSteal>данные отсутствуют</RightSteal>
<WithoutThirdParty>данные отсутствуют</WithoutThirdParty>
<InabilityRegWithoutOwner></InabilityRegWithoutOwner>
<InabilityRegZU></InabilityRegZU>
</ExtractObject>
<InfoENK/>
<InfoPIK/>
<FootContent>
<Recipient>Колонтаева Наталья Владимировна</Recipient>
<ExtractDate>22.09.2017</ExtractDate>
<Content></Content>
</FootContent>
</ExtractObjectRight>
</ReestrExtract>
</KPOKS>