<?xml version="1.0" encoding="UTF-8" ?>
<?xml-stylesheet type="text/xsl" href="https://portal.rosreestr.ru/xsl/EGRP/Reestr_Extract_Big/ROOM/07/Common.xsl"?>

<KPOKS xmlns="urn://x-artefacts-rosreestr-ru/outgoing/kpoks/4.0.1"
xmlns:smev="urn://x-artefacts-smev-gov-ru/supplementary/commons/1.0.1"
xmlns:num="urn://x-artefacts-rosreestr-ru/commons/complex-types/numbers/1.0"
xmlns:adrs="urn://x-artefacts-rosreestr-ru/commons/complex-types/address-output/4.0.1"
xmlns:spa="urn://x-artefacts-rosreestr-ru/commons/complex-types/entity-spatial/5.0.1"
xmlns:param="urn://x-artefacts-rosreestr-ru/commons/complex-types/parameters-oks/2.0.1"
xmlns:cer="urn://x-artefacts-rosreestr-ru/commons/complex-types/certification-doc/1.0"
xmlns:doc="urn://x-artefacts-rosreestr-ru/commons/complex-types/document-output/4.0.1"
xmlns:flat="urn://x-artefacts-rosreestr-ru/commons/complex-types/assignation-flat/1.0.1"
xmlns:ch="urn://x-artefacts-rosreestr-ru/commons/complex-types/cultural-heritage/2.0.1">
<Realty>
<Flat CadastralNumber="27:23:0050732:497" State="01"
DateCreated="2012-06-28"
>
<CadastralBlock>27:23:0050732</CadastralBlock>
<ObjectType>002001003000</ObjectType>
<ParentCadastralNumbers>
<CadastralNumberOKS>27:23:0050732:82</CadastralNumberOKS>
</ParentCadastralNumbers>
<OldNumbers>
<num:OldNumber Type="01" Number="12153" />
</OldNumbers>
<Assignation>
<flat:AssignationCode>206002000000</flat:AssignationCode>
<flat:AssignationType>205001000000</flat:AssignationType>
</Assignation>
<Area>40.9</Area>
<Address>
<adrs:OKATO>08401365000</adrs:OKATO>
<adrs:KLADR>27000001000083000</adrs:KLADR>
<adrs:Region>27</adrs:Region>
<adrs:City Name="Хабаровск" Type="г" />
<adrs:Street Name="Союзная" Type="ул" />
<adrs:Level1 Type="д" Value="2" />
<adrs:Apartment Type="кв" Value="14" />
</Address>
<PositionInObject>
<Levels>
<Level Number="04" Type="01">
<Position NumberOnPlan="14">
</Position>
</Level>
</Levels>
</PositionInObject>
<CadastralCost Value="1806675.7" Unit="383" />
<Rights>
<Right>
<Name>Собственность</Name>
<Type>001001000000</Type>
<Owners>
<Owner>
<Person>
<FamilyName>Гриненко</FamilyName>
<FirstName>Анна</FirstName>
<Patronymic>Викторовна</Patronymic>
</Person>
</Owner>
</Owners>
<Registration>
<RegNumber>27-27-01/062/2011-163</RegNumber>
<RegDate>2011-04-22</RegDate>
</Registration>
</Right>
</Rights>
<Encumbrances>
<Encumbrance>
<Type>022008000000</Type>
<OwnersRestrictionInFavorem>
<OwnerRestrictionInFavorem>
<Organization>
<Name>Закрытое акционерное общество &quot;Дальрегион-ипотека&quot;</Name>
</Organization>
</OwnerRestrictionInFavorem>
</OwnersRestrictionInFavorem>
<Registration>
<RegNumber>27-27-01/062/2011-163</RegNumber>
<RegDate>2011-04-22</RegDate>
</Registration>
</Encumbrance>
</Encumbrances>
</Flat>
</Realty>
<CertificationDoc>
<cer:Organization>ФГИС ЕГРН</cer:Organization>
<cer:Date>2017-09-21</cer:Date>
<cer:Number>99/2017/28883650</cer:Number>
</CertificationDoc>
<CoordSystems>
<spa:CoordSystem Name="МСК-27 зона 3" CsId="ID0" />
</CoordSystems>
<eDocument CodeType="112" Version="07" Scope="GKN">
<Sender Kod="00.0.4.195"
Name="ФГИС ЕГРН"
Region="99"
Date_Upload="2017-09-21"
Appointment="Государственный регистратор"
/>
<Recipient Kod="00.0.4.111" Name="Колонтаева Наталья Владимировна" />
</eDocument>
<ReestrExtract>
<DeclarAttribute ID_KUVI="0"
ExtractTypeCode="012000"
ExtractTypeText="Выписка из Единого государственного реестра недвижимости об объекте недвижимости"
ExtractNumber="99/2017/28883650"
ExtractDate="21.09.2017"
RequeryNumber="80-15487403"
RequeryDate="21.09.2017"
ExtractCount="1"
NoticeCount="0"
RefuseCount="0"
Registrator="ФГИС ЕГРН">
<ReceivName>Колонтаева Наталья Владимировна</ReceivName>
<ReceivAdress>не указан</ReceivAdress>
</DeclarAttribute>
<ExtractObjectRight>
<HeadContent>
<ID_REC_KUVI>0</ID_REC_KUVI>
<Title>ФЕДЕРАЛЬНАЯ СЛУЖБА ГОСУДАРСТВЕННОЙ РЕГИСТРАЦИИ, КАДАСТРА И КАРТОГРАФИИ</Title>
<DeptName>ФГИС ЕГРН</DeptName>
<ExtractTitle>Выписка из Единого государственного реестра недвижимости об объекте недвижимости</ExtractTitle>
<Content>На основании запроса от 21.09.2017 г., поступившего на рассмотрение 21.09.2017 г., сообщаем, что согласно записям Единого государственного реестра недвижимости:</Content>
</HeadContent>
<ExtractObject>
<ObjectRight>
<Right RightNumber="1">
<Owner >
<ID_Subject>23336895827</ID_Subject>
<Person>
<Code_SP>007003000000</Code_SP>
<Content>Гриненко Анна Викторовна</Content>
<FIO>
<Surname>Гриненко</Surname>
<First>Анна</First>
<Patronymic>Викторовна</Patronymic>
</FIO>
</Person>
</Owner>
<Registration >
<ID_Record>130076973927</ID_Record>
<RegNumber>27-27-01/062/2011-163</RegNumber>
<Type>001001000000</Type>
<Name>Собственность, № 27-27-01/062/2011-163 от 22.04.2011</Name>
<RegDate>22.04.2011</RegDate>
</Registration>
<Encumbrance>
<ID_Record>130076974927</ID_Record>
<RegNumber>27-27-01/062/2011-163</RegNumber>
<Type>022008000000</Type>
<Name>Залог в силу закона</Name>
<ShareText>Весь объект
</ShareText>
<RegDate>22.04.2011</RegDate>
<Duration>
<Started>22.04.2011</Started>
<Term>с 22.04.2011 на 120 месяцев</Term>
</Duration>
<Owner >
<ID_Subject>16339327827</ID_Subject>
<Organization>
<Code_SP>007002000000</Code_SP>
<Content>Закрытое акционерное общество &quot;Дальрегион-Ипотека&quot;, ИНН: 2721132960</Content>
<Name>Закрытое акционерное общество &quot;Дальрегион-Ипотека&quot;</Name>
<INN>2721132960</INN>
</Organization>
</Owner>
<DocFound>
<ID_Document>130076973327</ID_Document>
<Content>Договор купли-продажи квартиры с использование заемных денежных средств oт 19.04.2011, дата регистрации 22.04.2011, №27-27-01/062/2011-162</Content>
<Type_Document>010003007000</Type_Document>
<Name>Договор купли-продажи квартиры с использование заемных денежных средств</Name>
<Number>б/н</Number>
<Date>19.04.2011</Date>
</DocFound>
</Encumbrance>
</Right>
<NoShareHolding>не зарегистрировано</NoShareHolding>
</ObjectRight>
<RightAssert>данные отсутствуют</RightAssert>
<RightClaim>данные отсутствуют</RightClaim>
<RightAgainst>данные отсутствуют</RightAgainst>
<RightSteal>данные отсутствуют</RightSteal>
<WithoutThirdParty>данные отсутствуют</WithoutThirdParty>
<InabilityRegWithoutOwner></InabilityRegWithoutOwner>
<InabilityRegZU></InabilityRegZU>
</ExtractObject>
<InfoENK/>
<InfoPIK/>
<FootContent>
<Recipient>Колонтаева Наталья Владимировна</Recipient>
<ExtractDate>21.09.2017</ExtractDate>
<Content></Content>
</FootContent>
</ExtractObjectRight>
</ReestrExtract>
</KPOKS>