<?xml version="1.0" encoding="UTF-8" ?>
<?xml-stylesheet type="text/xsl" href="https://portal.rosreestr.ru/xsl/EGRP/Reestr_Extract_Big/ROOM/07/Common.xsl"?>

<KPOKS xmlns="urn://x-artefacts-rosreestr-ru/outgoing/kpoks/4.0.1"
xmlns:smev="urn://x-artefacts-smev-gov-ru/supplementary/commons/1.0.1"
xmlns:num="urn://x-artefacts-rosreestr-ru/commons/complex-types/numbers/1.0"
xmlns:adrs="urn://x-artefacts-rosreestr-ru/commons/complex-types/address-output/4.0.1"
xmlns:spa="urn://x-artefacts-rosreestr-ru/commons/complex-types/entity-spatial/5.0.1"
xmlns:param="urn://x-artefacts-rosreestr-ru/commons/complex-types/parameters-oks/2.0.1"
xmlns:cer="urn://x-artefacts-rosreestr-ru/commons/complex-types/certification-doc/1.0"
xmlns:doc="urn://x-artefacts-rosreestr-ru/commons/complex-types/document-output/4.0.1"
xmlns:flat="urn://x-artefacts-rosreestr-ru/commons/complex-types/assignation-flat/1.0.1"
xmlns:ch="urn://x-artefacts-rosreestr-ru/commons/complex-types/cultural-heritage/2.0.1">
<Realty>
<Flat CadastralNumber="27:23:0051202:120" State="01"
DateCreated="2012-06-28"
>
<CadastralBlock>27:23:0050732</CadastralBlock>
<ObjectType>002001003000</ObjectType>
<ParentCadastralNumbers>
<CadastralNumberOKS>27:23:0051202:62</CadastralNumberOKS>
</ParentCadastralNumbers>
<OldNumbers>
<num:OldNumber Type="01" Number="12154" />
</OldNumbers>
<Assignation>
<flat:AssignationCode>206002000000</flat:AssignationCode>
<flat:AssignationType>205001000000</flat:AssignationType>
</Assignation>
<Area>42.1</Area>
<Address>
<adrs:OKATO>08401365000</adrs:OKATO>
<adrs:KLADR>27000001000040700</adrs:KLADR>
<adrs:Region>27</adrs:Region>
<adrs:City Name="Хабаровск" Type="г" />
<adrs:UrbanDistrict Name="Индустриальный" Type="р-н" />
<adrs:Street Name="Краснореченская" Type="ул" />
<adrs:Level1 Type="д" Value="9" />
<adrs:Apartment Type="кв" Value="48" />
</Address>
<PositionInObject>
<Levels>
<Level Number="05" Type="01">
<Position NumberOnPlan="48">
</Position>
</Level>
</Levels>
</PositionInObject>
<CadastralCost Value="1859683.3" Unit="383" />
<Rights>
<Right>
<Name>Общая долевая собственность</Name>
<Type>001002000000</Type>
<Owners>
<Owner>
<Person>
<FamilyName>Почепень</FamilyName>
<FirstName>Константин</FirstName>
<Patronymic>Яковлевич</Patronymic>
</Person>
</Owner>
</Owners>
<Share Numerator="1" Denominator="2" />
<Registration>
<RegNumber>27-27-01/004/2012-689</RegNumber>
<RegDate>2012-02-21</RegDate>
</Registration>
</Right>
<Right>
<Name>Общая долевая собственность</Name>
<Type>001002000000</Type>
<Owners>
<Owner>
<Person>
<FamilyName>Почепень</FamilyName>
<FirstName>Елена</FirstName>
<Patronymic>Леонидовна</Patronymic>
</Person>
</Owner>
</Owners>
<Share Numerator="1" Denominator="2" />
<Registration>
<RegNumber>27-27-01/004/2012-689</RegNumber>
<RegDate>2012-02-21</RegDate>
</Registration>
</Right>
</Rights>
<Encumbrances>
<Encumbrance>
<Type>022008000000</Type>
<OwnersRestrictionInFavorem>
<OwnerRestrictionInFavorem>
<Organization>
<Name>Открытое акционерное общество Сбербанк России</Name>
</Organization>
</OwnerRestrictionInFavorem>
</OwnersRestrictionInFavorem>
<Registration>
<RegNumber>27-27-01/004/2012-689</RegNumber>
<RegDate>2012-02-21</RegDate>
</Registration>
</Encumbrance>
</Encumbrances>
<Notes>Общая площадь уменьшилась на 0.6 кв.м.: было – 42.7 кв.м., стало – 42.1 кв.м. за счет исключения площади балкона(ов)/ лоджии(ий) из общей площади квартиры (ст. 15 ЖК РФ)</Notes>
</Flat>
</Realty>
<CertificationDoc>
<cer:Organization>ФГИС ЕГРН</cer:Organization>
<cer:Date>2017-09-26</cer:Date>
<cer:Number>99/2017/29274554</cer:Number>
</CertificationDoc>
<CoordSystems>
<spa:CoordSystem Name="МСК-27 зона 3" CsId="ID0" />
</CoordSystems>
<eDocument CodeType="112" Version="07" Scope="GKN">
<Sender Kod="00.0.4.195"
Name="ФГИС ЕГРН"
Region="99"
Date_Upload="2017-09-26"
Appointment="Государственный регистратор"
/>
<Recipient Kod="00.0.4.111" Name="Колонтаева Наталья Владимировна" />
</eDocument>
<ReestrExtract>
<DeclarAttribute ID_KUVI="0"
ExtractTypeCode="012000"
ExtractTypeText="Выписка из Единого государственного реестра недвижимости об объекте недвижимости"
ExtractNumber="99/2017/29274554"
ExtractDate="26.09.2017"
RequeryNumber="80-15856441"
RequeryDate="26.09.2017"
ExtractCount="1"
NoticeCount="0"
RefuseCount="0"
Registrator="ФГИС ЕГРН">
<ReceivName>Колонтаева Наталья Владимировна</ReceivName>
<ReceivAdress>не указан</ReceivAdress>
</DeclarAttribute>
<ExtractObjectRight>
<HeadContent>
<ID_REC_KUVI>0</ID_REC_KUVI>
<Title>ФЕДЕРАЛЬНАЯ СЛУЖБА ГОСУДАРСТВЕННОЙ РЕГИСТРАЦИИ, КАДАСТРА И КАРТОГРАФИИ</Title>
<DeptName>ФГИС ЕГРН</DeptName>
<ExtractTitle>Выписка из Единого государственного реестра недвижимости об объекте недвижимости</ExtractTitle>
<Content>На основании запроса от 26.09.2017 г., поступившего на рассмотрение 26.09.2017 г., сообщаем, что согласно записям Единого государственного реестра недвижимости:</Content>
</HeadContent>
<ExtractObject>
<ObjectRight>
<Right RightNumber="1">
<Owner >
<ID_Subject>133632526727</ID_Subject>
<Person>
<Code_SP>007003000000</Code_SP>
<Content>Почепень Елена Леонидовна</Content>
<FIO>
<Surname>Почепень</Surname>
<First>Елена</First>
<Patronymic>Леонидовна</Patronymic>
</FIO>
</Person>
</Owner>
<Registration >
<ID_Record>133632526227</ID_Record>
<RegNumber>27-27-01/004/2012-689</RegNumber>
<Type>001002000000</Type>
<Name>Долевая собственность, № 27-27-01/004/2012-689 от 21.02.2012, 1/2</Name>
<RegDate>21.02.2012</RegDate>
<ShareText>1/2</ShareText>
</Registration>
<Encumbrance>
<ID_Record>133632528527</ID_Record>
<RegNumber>27-27-01/004/2012-689</RegNumber>
<Type>022008000000</Type>
<Name>Залог в силу закона</Name>
<ShareText>Весь объект
</ShareText>
<RegDate>21.02.2012</RegDate>
<Duration>
<Started>21.02.2012</Started>
<Term>с 21.02.2012 на 180 месяцев</Term>
</Duration>
<Owner >
<ID_Subject>132674585927</ID_Subject>
<Organization>
<Code_SP>007002000000</Code_SP>
<Content>Публичное акционерное общество &quot;Сбербанк России&quot;, ИНН: 7707083893</Content>
<Name>Публичное акционерное общество &quot;Сбербанк России&quot;</Name>
<INN>7707083893</INN>
</Organization>
</Owner>
<DocFound>
<ID_Document>133632525027</ID_Document>
<Content>Договор купли-продажи oт 13.02.2012, дата регистрации 21.02.2012, №27-27-01/004/2012-688</Content>
<Type_Document>010003007000</Type_Document>
<Name>Договор купли-продажи</Name>
<Number>б/н</Number>
<Date>13.02.2012</Date>
</DocFound>
</Encumbrance>
</Right>
<Right RightNumber="2">
<Owner >
<ID_Subject>133632525827</ID_Subject>
<Person>
<Code_SP>007003000000</Code_SP>
<Content>Почепень Константин Яковлевич</Content>
<FIO>
<Surname>Почепень</Surname>
<First>Константин</First>
<Patronymic>Яковлевич</Patronymic>
</FIO>
</Person>
</Owner>
<Registration >
<ID_Record>133632525327</ID_Record>
<RegNumber>27-27-01/004/2012-689</RegNumber>
<Type>001002000000</Type>
<Name>Долевая собственность, № 27-27-01/004/2012-689 от 21.02.2012, 1/2</Name>
<RegDate>21.02.2012</RegDate>
<ShareText>1/2</ShareText>
</Registration>
<Encumbrance>
<ID_Record>133632528527</ID_Record>
<RegNumber>27-27-01/004/2012-689</RegNumber>
<Type>022008000000</Type>
<Name>Залог в силу закона</Name>
<ShareText>Весь объект
</ShareText>
<RegDate>21.02.2012</RegDate>
<Duration>
<Started>21.02.2012</Started>
<Term>с 21.02.2012 на 180 месяцев</Term>
</Duration>
<Owner >
<ID_Subject>132674585927</ID_Subject>
<Organization>
<Code_SP>007002000000</Code_SP>
<Content>Публичное акционерное общество &quot;Сбербанк России&quot;, ИНН: 7707083893</Content>
<Name>Публичное акционерное общество &quot;Сбербанк России&quot;</Name>
<INN>7707083893</INN>
</Organization>
</Owner>
<DocFound>
<ID_Document>133632525027</ID_Document>
<Content>Договор купли-продажи oт 13.02.2012, дата регистрации 21.02.2012, №27-27-01/004/2012-688</Content>
<Type_Document>010003007000</Type_Document>
<Name>Договор купли-продажи</Name>
<Number>б/н</Number>
<Date>13.02.2012</Date>
</DocFound>
</Encumbrance>
</Right>
<NoShareHolding>не зарегистрировано</NoShareHolding>
</ObjectRight>
<RightAssert>данные отсутствуют</RightAssert>
<RightClaim>данные отсутствуют</RightClaim>
<RightAgainst>данные отсутствуют</RightAgainst>
<RightSteal>данные отсутствуют</RightSteal>
<WithoutThirdParty>данные отсутствуют</WithoutThirdParty>
<InabilityRegWithoutOwner></InabilityRegWithoutOwner>
<InabilityRegZU></InabilityRegZU>
</ExtractObject>
<InfoENK/>
<InfoPIK/>
<FootContent>
<Recipient>Колонтаева Наталья Владимировна</Recipient>
<ExtractDate>26.09.2017</ExtractDate>
<Content></Content>
</FootContent>
</ExtractObjectRight>
</ReestrExtract>
</KPOKS>