<?xml version="1.0" encoding="UTF-8" ?>
<?xml-stylesheet type="text/xsl" href="https://portal.rosreestr.ru/xsl/EGRP/Reestr_Extract_Big/ROOM/07/Common.xsl"?>

<KPOKS xmlns="urn://x-artefacts-rosreestr-ru/outgoing/kpoks/4.0.1"
xmlns:smev="urn://x-artefacts-smev-gov-ru/supplementary/commons/1.0.1"
xmlns:num="urn://x-artefacts-rosreestr-ru/commons/complex-types/numbers/1.0"
xmlns:adrs="urn://x-artefacts-rosreestr-ru/commons/complex-types/address-output/4.0.1"
xmlns:spa="urn://x-artefacts-rosreestr-ru/commons/complex-types/entity-spatial/5.0.1"
xmlns:param="urn://x-artefacts-rosreestr-ru/commons/complex-types/parameters-oks/2.0.1"
xmlns:cer="urn://x-artefacts-rosreestr-ru/commons/complex-types/certification-doc/1.0"
xmlns:doc="urn://x-artefacts-rosreestr-ru/commons/complex-types/document-output/4.0.1"
xmlns:flat="urn://x-artefacts-rosreestr-ru/commons/complex-types/assignation-flat/1.0.1"
xmlns:ch="urn://x-artefacts-rosreestr-ru/commons/complex-types/cultural-heritage/2.0.1">
<Realty>
<Flat CadastralNumber="27:23:0050732:687" State="01"
DateCreated="2012-06-28"
>
<CadastralBlock>27:23:0050732</CadastralBlock>
<ObjectType>002001003000</ObjectType>
<ParentCadastralNumbers>
<CadastralNumberOKS>27:23:0050732:87</CadastralNumberOKS>
</ParentCadastralNumbers>
<OldNumbers>
<num:OldNumber Type="01" Number="12135" />
</OldNumbers>
<Assignation>
<flat:AssignationCode>206002000000</flat:AssignationCode>
<flat:AssignationType>205001000000</flat:AssignationType>
</Assignation>
<Area>30</Area>
<Address>
<adrs:OKATO>08401365000</adrs:OKATO>
<adrs:KLADR>27000001000084700</adrs:KLADR>
<adrs:Region>27</adrs:Region>
<adrs:City Name="Хабаровск" Type="г" />
<adrs:Street Name="Строительная" Type="ул" />
<adrs:Level1 Type="д" Value="4А" />
<adrs:Apartment Type="кв" Value="25" />
</Address>
<PositionInObject>
<Levels>
<Level Number="02" Type="01">
<Position NumberOnPlan="25">
</Position>
</Level>
</Levels>
</PositionInObject>
<CadastralCost Value="1325190" Unit="383" />
<Rights>
<Right>
<Name>Собственность</Name>
<Type>001001000000</Type>
<Owners>
<Owner>
<Person>
<FamilyName>Деринский</FamilyName>
<FirstName>Евгений</FirstName>
<Patronymic>Васильевич</Patronymic>
</Person>
</Owner>
</Owners>
<Registration>
<RegNumber>27-27-01/257/2013-677</RegNumber>
<RegDate>2013-10-10</RegDate>
</Registration>
</Right>
</Rights>
<Encumbrances>
<Encumbrance>
<Type>022008000000</Type>
<OwnersRestrictionInFavorem>
<OwnerRestrictionInFavorem>
<Organization>
<Name>Акционерный коммерческий банк &quot;РОСБАНК&quot; (открытое акционерное общество)</Name>
</Organization>
</OwnerRestrictionInFavorem>
</OwnersRestrictionInFavorem>
<Registration>
<RegNumber>27-27-01/257/2013-683</RegNumber>
<RegDate>2013-10-10</RegDate>
</Registration>
</Encumbrance>
</Encumbrances>
</Flat>
</Realty>
<CertificationDoc>
<cer:Organization>ФГИС ЕГРН</cer:Organization>
<cer:Date>2017-09-24</cer:Date>
<cer:Number>99/2017/29047885</cer:Number>
</CertificationDoc>
<CoordSystems>
<spa:CoordSystem Name="МСК-27 зона 3" CsId="ID0" />
</CoordSystems>
<eDocument CodeType="112" Version="07" Scope="GKN">
<Sender Kod="00.0.4.195"
Name="ФГИС ЕГРН"
Region="99"
Date_Upload="2017-09-24"
Appointment="Государственный регистратор"
/>
<Recipient Kod="00.0.4.111" Name="Колонтаева Наталья Владимировна" />
</eDocument>
<ReestrExtract>
<DeclarAttribute ID_KUVI="0"
ExtractTypeCode="012000"
ExtractTypeText="Выписка из Единого государственного реестра недвижимости об объекте недвижимости"
ExtractNumber="99/2017/29047885"
ExtractDate="24.09.2017"
RequeryNumber="80-15652596"
RequeryDate="24.09.2017"
ExtractCount="1"
NoticeCount="0"
RefuseCount="0"
Registrator="ФГИС ЕГРН">
<ReceivName>Колонтаева Наталья Владимировна</ReceivName>
<ReceivAdress>не указан</ReceivAdress>
</DeclarAttribute>
<ExtractObjectRight>
<HeadContent>
<ID_REC_KUVI>0</ID_REC_KUVI>
<Title>ФЕДЕРАЛЬНАЯ СЛУЖБА ГОСУДАРСТВЕННОЙ РЕГИСТРАЦИИ, КАДАСТРА И КАРТОГРАФИИ</Title>
<DeptName>ФГИС ЕГРН</DeptName>
<ExtractTitle>Выписка из Единого государственного реестра недвижимости об объекте недвижимости</ExtractTitle>
<Content>На основании запроса от 24.09.2017 г., поступившего на рассмотрение 24.09.2017 г., сообщаем, что согласно записям Единого государственного реестра недвижимости:</Content>
</HeadContent>
<ExtractObject>
<ObjectRight>
<Right RightNumber="1">
<Owner >
<ID_Subject>131248089827</ID_Subject>
<Person>
<Code_SP>007003000000</Code_SP>
<Content>Деринский Евгений Васильевич</Content>
<FIO>
<Surname>Деринский</Surname>
<First>Евгений</First>
<Patronymic>Васильевич</Patronymic>
</FIO>
</Person>
</Owner>
<Registration >
<ID_Record>131248089327</ID_Record>
<RegNumber>27-27-01/257/2013-677</RegNumber>
<Type>001001000000</Type>
<Name>Собственность, № 27-27-01/257/2013-677 от 10.10.2013</Name>
<RegDate>10.10.2013</RegDate>
</Registration>
<Encumbrance>
<ID_Record>131248091227</ID_Record>
<RegNumber>27-27-01/257/2013-683</RegNumber>
<Type>022008000000</Type>
<Name>Залог в силу закона</Name>
<ShareText>весь объект
</ShareText>
<RegDate>10.10.2013</RegDate>
<Duration>
<Started>10.10.2013</Started>
<Term>с 10.10.2013 на 182 месяца</Term>
</Duration>
<Owner >
<ID_Subject>110784432127</ID_Subject>
<Organization>
<Code_SP>007002000000</Code_SP>
<Content>Публичное акционерное общество РОСБАНК, ИНН: 7730060164</Content>
<Name>Публичное акционерное общество РОСБАНК</Name>
<INN>7730060164</INN>
</Organization>
</Owner>
<DocFound>
<ID_Document>131248087827</ID_Document>
<Content>Договор купли-продажи квартиры (с использованием кредитных средств) oт 07.10.2013</Content>
<Type_Document>010003007000</Type_Document>
<Name>Договор купли-продажи квартиры (с использованием кредитных средств)</Name>
<Number>б/н</Number>
<Date>07.10.2013</Date>
</DocFound>
</Encumbrance>
</Right>
<NoShareHolding>не зарегистрировано</NoShareHolding>
</ObjectRight>
<RightAssert>данные отсутствуют</RightAssert>
<RightClaim>данные отсутствуют</RightClaim>
<RightAgainst>данные отсутствуют</RightAgainst>
<RightSteal>данные отсутствуют</RightSteal>
<WithoutThirdParty>данные отсутствуют</WithoutThirdParty>
<InabilityRegWithoutOwner></InabilityRegWithoutOwner>
<InabilityRegZU></InabilityRegZU>
</ExtractObject>
<InfoENK/>
<InfoPIK/>
<FootContent>
<Recipient>Колонтаева Наталья Владимировна</Recipient>
<ExtractDate>24.09.2017</ExtractDate>
<Content></Content>
</FootContent>
</ExtractObjectRight>
</ReestrExtract>
</KPOKS>