<?xml version="1.0" encoding="UTF-8" ?>
<?xml-stylesheet type="text/xsl" href="https://portal.rosreestr.ru/xsl/EGRP/Reestr_Extract_Big/ROOM/07/Common.xsl"?>

<KPOKS xmlns="urn://x-artefacts-rosreestr-ru/outgoing/kpoks/4.0.1"
xmlns:smev="urn://x-artefacts-smev-gov-ru/supplementary/commons/1.0.1"
xmlns:num="urn://x-artefacts-rosreestr-ru/commons/complex-types/numbers/1.0"
xmlns:adrs="urn://x-artefacts-rosreestr-ru/commons/complex-types/address-output/4.0.1"
xmlns:spa="urn://x-artefacts-rosreestr-ru/commons/complex-types/entity-spatial/5.0.1"
xmlns:param="urn://x-artefacts-rosreestr-ru/commons/complex-types/parameters-oks/2.0.1"
xmlns:cer="urn://x-artefacts-rosreestr-ru/commons/complex-types/certification-doc/1.0"
xmlns:doc="urn://x-artefacts-rosreestr-ru/commons/complex-types/document-output/4.0.1"
xmlns:flat="urn://x-artefacts-rosreestr-ru/commons/complex-types/assignation-flat/1.0.1"
xmlns:ch="urn://x-artefacts-rosreestr-ru/commons/complex-types/cultural-heritage/2.0.1">
<Realty>
<Flat CadastralNumber="27:23:0050722:476" State="01"
DateCreated="2012-06-28"
>
<CadastralBlock>27:23:0050722</CadastralBlock>
<ObjectType>002001003000</ObjectType>
<ParentCadastralNumbers>
<CadastralNumberOKS>27:23:0050722:35</CadastralNumberOKS>
</ParentCadastralNumbers>
<OldNumbers>
<num:OldNumber Type="01" Number="11890" />
</OldNumbers>
<Assignation>
<flat:AssignationCode>206002000000</flat:AssignationCode>
<flat:AssignationType>205001000000</flat:AssignationType>
</Assignation>
<Area>54.9</Area>
<Address>
<adrs:OKATO>08401365000</adrs:OKATO>
<adrs:KLADR>27000001000083000</adrs:KLADR>
<adrs:Region>27</adrs:Region>
<adrs:City Name="Хабаровск" Type="г" />
<adrs:Street Name="Союзная" Type="ул" />
<adrs:Level1 Type="д" Value="70" />
<adrs:Apartment Type="кв" Value="21" />
</Address>
<PositionInObject>
<Levels>
<Level Number="01" Type="01">
<Position NumberOnPlan="21">
</Position>
</Level>
</Levels>
</PositionInObject>
<CadastralCost Value="2373216.65" Unit="383" />
<Rights>
<Right>
<Name>Общая долевая собственность</Name>
<Type>001002000000</Type>
<Owners>
<Owner>
<Person>
<FamilyName>Андреева</FamilyName>
<FirstName>Оксана</FirstName>
<Patronymic>Александровна</Patronymic>
</Person>
</Owner>
</Owners>
<Share Numerator="1" Denominator="3" />
<Registration>
<RegNumber>27:23:0050722:476-27/001/2017-1</RegNumber>
<RegDate>2017-06-02</RegDate>
</Registration>
</Right>
<Right>
<Name>Общая долевая собственность</Name>
<Type>001002000000</Type>
<Owners>
<Owner>
<Person>
<FamilyName>Андреева</FamilyName>
<FirstName>Аврора</FirstName>
<Patronymic>Александровна</Patronymic>
</Person>
</Owner>
</Owners>
<Share Numerator="1" Denominator="3" />
<Registration>
<RegNumber>27:23:0050722:476-27/001/2017-3</RegNumber>
<RegDate>2017-06-02</RegDate>
</Registration>
</Right>
<Right>
<Name>Общая долевая собственность</Name>
<Type>001002000000</Type>
<Owners>
<Owner>
<Person>
<FamilyName>Андреев</FamilyName>
<FirstName>Марк</FirstName>
<Patronymic>Александрович</Patronymic>
</Person>
</Owner>
</Owners>
<Share Numerator="1" Denominator="3" />
<Registration>
<RegNumber>27:23:0050722:476-27/001/2017-2</RegNumber>
<RegDate>2017-06-02</RegDate>
</Registration>
</Right>
</Rights>
</Flat>
</Realty>
<CertificationDoc>
<cer:Organization>ФГИС ЕГРН</cer:Organization>
<cer:Date>2017-09-25</cer:Date>
<cer:Number>99/2017/29068422</cer:Number>
</CertificationDoc>
<CoordSystems>
<spa:CoordSystem Name="МСК-27 зона 3" CsId="ID0" />
</CoordSystems>
<eDocument CodeType="112" Version="07" Scope="GKN">
<Sender Kod="00.0.4.195"
Name="ФГИС ЕГРН"
Region="99"
Date_Upload="2017-09-25"
Appointment="Государственный регистратор"
/>
<Recipient Kod="00.0.4.111" Name="Колонтаева Наталья Владимировна" />
</eDocument>
<ReestrExtract>
<DeclarAttribute ID_KUVI="0"
ExtractTypeCode="012000"
ExtractTypeText="Выписка из Единого государственного реестра недвижимости об объекте недвижимости"
ExtractNumber="99/2017/29068422"
ExtractDate="25.09.2017"
RequeryNumber="80-15670483"
RequeryDate="25.09.2017"
ExtractCount="1"
NoticeCount="0"
RefuseCount="0"
Registrator="ФГИС ЕГРН">
<ReceivName>Колонтаева Наталья Владимировна</ReceivName>
<ReceivAdress>не указан</ReceivAdress>
</DeclarAttribute>
<ExtractObjectRight>
<HeadContent>
<ID_REC_KUVI>0</ID_REC_KUVI>
<Title>ФЕДЕРАЛЬНАЯ СЛУЖБА ГОСУДАРСТВЕННОЙ РЕГИСТРАЦИИ, КАДАСТРА И КАРТОГРАФИИ</Title>
<DeptName>ФГИС ЕГРН</DeptName>
<ExtractTitle>Выписка из Единого государственного реестра недвижимости об объекте недвижимости</ExtractTitle>
<Content>На основании запроса от 25.09.2017 г., поступившего на рассмотрение 25.09.2017 г., сообщаем, что согласно записям Единого государственного реестра недвижимости:</Content>
</HeadContent>
<ExtractObject>
<ObjectRight>
<Right RightNumber="1">
<Owner >
<ID_Subject>134383741127</ID_Subject>
<Person>
<Code_SP>007003000000</Code_SP>
<Content>Андреева Оксана Александровна</Content>
<FIO>
<Surname>Андреева</Surname>
<First>Оксана</First>
<Patronymic>Александровна</Patronymic>
</FIO>
</Person>
</Owner>
<Registration >
<ID_Record>137891363627</ID_Record>
<RegNumber>27:23:0050722:476-27/001/2017-1</RegNumber>
<Type>001002000000</Type>
<Name>Долевая собственность, № 27:23:0050722:476-27/001/2017-1 от 02.06.2017, 1/3</Name>
<RegDate>02.06.2017</RegDate>
<ShareText>1/3</ShareText>
</Registration>
<NoEncumbrance>не зарегистрировано</NoEncumbrance>
</Right>
<Right RightNumber="2">
<Owner >
<ID_Subject>134383740127</ID_Subject>
<Person>
<Code_SP>007003000000</Code_SP>
<Content>Андреева Аврора Александровна</Content>
<FIO>
<Surname>Андреева</Surname>
<First>Аврора</First>
<Patronymic>Александровна</Patronymic>
</FIO>
</Person>
</Owner>
<Registration >
<ID_Record>137891364827</ID_Record>
<RegNumber>27:23:0050722:476-27/001/2017-3</RegNumber>
<Type>001002000000</Type>
<Name>Долевая собственность, № 27:23:0050722:476-27/001/2017-3 от 02.06.2017, 1/3</Name>
<RegDate>02.06.2017</RegDate>
<ShareText>1/3</ShareText>
</Registration>
<NoEncumbrance>не зарегистрировано</NoEncumbrance>
</Right>
<Right RightNumber="3">
<Owner >
<ID_Subject>134383739127</ID_Subject>
<Person>
<Code_SP>007003000000</Code_SP>
<Content>Андреев Марк Александрович</Content>
<FIO>
<Surname>Андреев</Surname>
<First>Марк</First>
<Patronymic>Александрович</Patronymic>
</FIO>
</Person>
</Owner>
<Registration >
<ID_Record>137891364227</ID_Record>
<RegNumber>27:23:0050722:476-27/001/2017-2</RegNumber>
<Type>001002000000</Type>
<Name>Долевая собственность, № 27:23:0050722:476-27/001/2017-2 от 02.06.2017, 1/3</Name>
<RegDate>02.06.2017</RegDate>
<ShareText>1/3</ShareText>
</Registration>
<NoEncumbrance>не зарегистрировано</NoEncumbrance>
</Right>
<NoShareHolding>не зарегистрировано</NoShareHolding>
</ObjectRight>
<RightAssert>данные отсутствуют</RightAssert>
<RightClaim>данные отсутствуют</RightClaim>
<RightAgainst>данные отсутствуют</RightAgainst>
<RightSteal>данные отсутствуют</RightSteal>
<WithoutThirdParty>данные отсутствуют</WithoutThirdParty>
<InabilityRegWithoutOwner></InabilityRegWithoutOwner>
<InabilityRegZU></InabilityRegZU>
</ExtractObject>
<InfoENK/>
<InfoPIK/>
<FootContent>
<Recipient>Колонтаева Наталья Владимировна</Recipient>
<ExtractDate>25.09.2017</ExtractDate>
<Content></Content>
</FootContent>
</ExtractObjectRight>
</ReestrExtract>
</KPOKS>