<?xml version="1.0" encoding="UTF-8" ?>
<?xml-stylesheet type="text/xsl" href="https://portal.rosreestr.ru/xsl/EGRP/Reestr_Extract_Big/ROOM/07/Common.xsl"?>

<KPOKS xmlns="urn://x-artefacts-rosreestr-ru/outgoing/kpoks/4.0.1"
xmlns:smev="urn://x-artefacts-smev-gov-ru/supplementary/commons/1.0.1"
xmlns:num="urn://x-artefacts-rosreestr-ru/commons/complex-types/numbers/1.0"
xmlns:adrs="urn://x-artefacts-rosreestr-ru/commons/complex-types/address-output/4.0.1"
xmlns:spa="urn://x-artefacts-rosreestr-ru/commons/complex-types/entity-spatial/5.0.1"
xmlns:param="urn://x-artefacts-rosreestr-ru/commons/complex-types/parameters-oks/2.0.1"
xmlns:cer="urn://x-artefacts-rosreestr-ru/commons/complex-types/certification-doc/1.0"
xmlns:doc="urn://x-artefacts-rosreestr-ru/commons/complex-types/document-output/4.0.1"
xmlns:flat="urn://x-artefacts-rosreestr-ru/commons/complex-types/assignation-flat/1.0.1"
xmlns:ch="urn://x-artefacts-rosreestr-ru/commons/complex-types/cultural-heritage/2.0.1">
<Realty>
<Flat CadastralNumber="27:23:0051205:911" State="01"
DateCreated="2012-06-28"
>
<CadastralBlock>27:23:0051205</CadastralBlock>
<ObjectType>002001003000</ObjectType>
<ParentCadastralNumbers>
<CadastralNumberOKS>27:23:0051205:78</CadastralNumberOKS>
</ParentCadastralNumbers>
<OldNumbers>
<num:OldNumber Type="01" Number="15960" />
</OldNumbers>
<Assignation>
<flat:AssignationCode>206002000000</flat:AssignationCode>
<flat:AssignationType>205001000000</flat:AssignationType>
</Assignation>
<Area>60.4</Area>
<Address>
<adrs:OKATO>08401365000</adrs:OKATO>
<adrs:KLADR>27000001000040800</adrs:KLADR>
<adrs:Region>27</adrs:Region>
<adrs:City Name="Хабаровск" Type="г" />
<adrs:Street Name="Краснореченский" Type="пер" />
<adrs:Level1 Type="д" Value="8" />
<adrs:Apartment Type="кв" Value="82" />
</Address>
<PositionInObject>
<Levels>
<Level Number="03" Type="01">
<Position NumberOnPlan="82">
</Position>
</Level>
</Levels>
</PositionInObject>
<CadastralCost Value="2124075.32" Unit="383" />
<Rights>
<Right>
<Name>Общая долевая собственность</Name>
<Type>001002000000</Type>
<Owners>
<Owner>
<Person>
<FamilyName>Адамов</FamilyName>
<FirstName>Алексей</FirstName>
<Patronymic>Витальевич</Patronymic>
</Person>
</Owner>
</Owners>
<Share Numerator="1" Denominator="2" />
<Registration>
<RegNumber>27-27/001-27/001/217/2016-5729/3</RegNumber>
<RegDate>2016-09-26</RegDate>
</Registration>
</Right>
<Right>
<Name>Общая долевая собственность</Name>
<Type>001002000000</Type>
<Owners>
<Owner>
<Person>
<FamilyName>Адамова</FamilyName>
<FirstName>Евгения</FirstName>
<Patronymic>Дмитриевна</Patronymic>
</Person>
</Owner>
</Owners>
<Share Numerator="1" Denominator="2" />
<Registration>
<RegNumber>27-27/001-27/001/217/2016-5729/4</RegNumber>
<RegDate>2016-09-26</RegDate>
</Registration>
</Right>
</Rights>
<Encumbrances>
<Encumbrance>
<Type>022008000000</Type>
<OwnersRestrictionInFavorem>
<OwnerRestrictionInFavorem>
<Organization>
<Name>Публичное акционерное общество &quot;Сбербанк России&quot;</Name>
</Organization>
</OwnerRestrictionInFavorem>
</OwnersRestrictionInFavorem>
<Registration>
<RegNumber>27-27/001-27/001/217/2016-5730/1</RegNumber>
<RegDate>2016-09-26</RegDate>
</Registration>
</Encumbrance>
</Encumbrances>
</Flat>
</Realty>
<CertificationDoc>
<cer:Organization>ФГИС ЕГРН</cer:Organization>
<cer:Date>2017-09-27</cer:Date>
<cer:Number>99/2017/29436768</cer:Number>
</CertificationDoc>
<CoordSystems>
<spa:CoordSystem Name="МСК-27 зона 3" CsId="ID0" />
</CoordSystems>
<eDocument CodeType="112" Version="07" Scope="GKN">
<Sender Kod="00.0.4.195"
Name="ФГИС ЕГРН"
Region="99"
Date_Upload="2017-09-27"
Appointment="Государственный регистратор"
/>
<Recipient Kod="00.0.4.111" Name="Колонтаева Наталья Владимировна" />
</eDocument>
<ReestrExtract>
<DeclarAttribute ID_KUVI="0"
ExtractTypeCode="012000"
ExtractTypeText="Выписка из Единого государственного реестра недвижимости об объекте недвижимости"
ExtractNumber="99/2017/29436768"
ExtractDate="27.09.2017"
RequeryNumber="80-15997007"
RequeryDate="27.09.2017"
ExtractCount="1"
NoticeCount="0"
RefuseCount="0"
Registrator="ФГИС ЕГРН">
<ReceivName>Колонтаева Наталья Владимировна</ReceivName>
<ReceivAdress>не указан</ReceivAdress>
</DeclarAttribute>
<ExtractObjectRight>
<HeadContent>
<ID_REC_KUVI>0</ID_REC_KUVI>
<Title>ФЕДЕРАЛЬНАЯ СЛУЖБА ГОСУДАРСТВЕННОЙ РЕГИСТРАЦИИ, КАДАСТРА И КАРТОГРАФИИ</Title>
<DeptName>ФГИС ЕГРН</DeptName>
<ExtractTitle>Выписка из Единого государственного реестра недвижимости об объекте недвижимости</ExtractTitle>
<Content>На основании запроса от 27.09.2017 г., поступившего на рассмотрение 27.09.2017 г., сообщаем, что согласно записям Единого государственного реестра недвижимости:</Content>
</HeadContent>
<ExtractObject>
<ObjectRight>
<Right RightNumber="1">
<Owner >
<ID_Subject>119024962827</ID_Subject>
<Person>
<Code_SP>007003000000</Code_SP>
<Content>Адамова Евгения Дмитриевна</Content>
<FIO>
<Surname>Адамова</Surname>
<First>Евгения</First>
<Patronymic>Дмитриевна</Patronymic>
</FIO>
</Person>
</Owner>
<Registration >
<ID_Record>137138825127</ID_Record>
<RegNumber>27-27/001-27/001/217/2016-5729/4</RegNumber>
<Type>001002000000</Type>
<Name>Долевая собственность, № 27-27/001-27/001/217/2016-5729/4 от 26.09.2016, 1/2</Name>
<RegDate>26.09.2016</RegDate>
<ShareText>1/2</ShareText>
</Registration>
<Encumbrance>
<ID_Record>137138825727</ID_Record>
<RegNumber>27-27/001-27/001/217/2016-5730/1</RegNumber>
<Type>022008000000</Type>
<Name>Залог в силу закона</Name>
<ShareText>весь объект
</ShareText>
<RegDate>26.09.2016</RegDate>
<Duration>
<Started>26.09.2016</Started>
<Term>с 26.09.2016 на 216 месяцев</Term>
</Duration>
<Owner >
<ID_Subject>134202278827</ID_Subject>
<Organization>
<Code_SP>007002000000</Code_SP>
<Content>Публичное акционерное общество &quot;Сбербанк России&quot;, ИНН: 7707083893</Content>
<Name>Публичное акционерное общество &quot;Сбербанк России&quot;</Name>
<INN>7707083893</INN>
</Organization>
</Owner>
<DocFound>
<ID_Document>137138823227</ID_Document>
<Content>Договор купли-продажи от 21.09.2016, удостоверил нотариус Ситникова Ю.А. 21.09.2016, реестровый номер 1-229</Content>
<Type_Document>010003007000</Type_Document>
<Name>Договор купли-продажи</Name>
<Number>б/н</Number>
<Date>21.09.2016</Date>
</DocFound>
</Encumbrance>
</Right>
<Right RightNumber="2">
<Owner >
<ID_Subject>137138824727</ID_Subject>
<Person>
<Code_SP>007003000000</Code_SP>
<Content>Адамов Алексей Витальевич</Content>
<FIO>
<Surname>Адамов</Surname>
<First>Алексей</First>
<Patronymic>Витальевич</Patronymic>
</FIO>
</Person>
</Owner>
<Registration >
<ID_Record>137138824227</ID_Record>
<RegNumber>27-27/001-27/001/217/2016-5729/3</RegNumber>
<Type>001002000000</Type>
<Name>Долевая собственность, № 27-27/001-27/001/217/2016-5729/3 от 26.09.2016, 1/2</Name>
<RegDate>26.09.2016</RegDate>
<ShareText>1/2</ShareText>
</Registration>
<Encumbrance>
<ID_Record>137138825727</ID_Record>
<RegNumber>27-27/001-27/001/217/2016-5730/1</RegNumber>
<Type>022008000000</Type>
<Name>Залог в силу закона</Name>
<ShareText>весь объект
</ShareText>
<RegDate>26.09.2016</RegDate>
<Duration>
<Started>26.09.2016</Started>
<Term>с 26.09.2016 на 216 месяцев</Term>
</Duration>
<Owner >
<ID_Subject>134202278827</ID_Subject>
<Organization>
<Code_SP>007002000000</Code_SP>
<Content>Публичное акционерное общество &quot;Сбербанк России&quot;, ИНН: 7707083893</Content>
<Name>Публичное акционерное общество &quot;Сбербанк России&quot;</Name>
<INN>7707083893</INN>
</Organization>
</Owner>
<DocFound>
<ID_Document>137138823227</ID_Document>
<Content>Договор купли-продажи от 21.09.2016, удостоверил нотариус Ситникова Ю.А. 21.09.2016, реестровый номер 1-229</Content>
<Type_Document>010003007000</Type_Document>
<Name>Договор купли-продажи</Name>
<Number>б/н</Number>
<Date>21.09.2016</Date>
</DocFound>
</Encumbrance>
</Right>
<NoShareHolding>не зарегистрировано</NoShareHolding>
</ObjectRight>
<RightAssert>данные отсутствуют</RightAssert>
<RightClaim>данные отсутствуют</RightClaim>
<RightAgainst>данные отсутствуют</RightAgainst>
<RightSteal>данные отсутствуют</RightSteal>
<WithoutThirdParty>данные отсутствуют</WithoutThirdParty>
<InabilityRegWithoutOwner></InabilityRegWithoutOwner>
<InabilityRegZU></InabilityRegZU>
</ExtractObject>
<InfoENK/>
<InfoPIK/>
<FootContent>
<Recipient>Колонтаева Наталья Владимировна</Recipient>
<ExtractDate>27.09.2017</ExtractDate>
<Content></Content>
</FootContent>
</ExtractObjectRight>
</ReestrExtract>
</KPOKS>