<?xml version="1.0" encoding="UTF-8" ?>
<?xml-stylesheet type="text/xsl" href="https://portal.rosreestr.ru/xsl/EGRP/Reestr_Extract_Big/ROOM/07/Common.xsl"?>

<KPOKS xmlns="urn://x-artefacts-rosreestr-ru/outgoing/kpoks/4.0.1"
xmlns:smev="urn://x-artefacts-smev-gov-ru/supplementary/commons/1.0.1"
xmlns:num="urn://x-artefacts-rosreestr-ru/commons/complex-types/numbers/1.0"
xmlns:adrs="urn://x-artefacts-rosreestr-ru/commons/complex-types/address-output/4.0.1"
xmlns:spa="urn://x-artefacts-rosreestr-ru/commons/complex-types/entity-spatial/5.0.1"
xmlns:param="urn://x-artefacts-rosreestr-ru/commons/complex-types/parameters-oks/2.0.1"
xmlns:cer="urn://x-artefacts-rosreestr-ru/commons/complex-types/certification-doc/1.0"
xmlns:doc="urn://x-artefacts-rosreestr-ru/commons/complex-types/document-output/4.0.1"
xmlns:flat="urn://x-artefacts-rosreestr-ru/commons/complex-types/assignation-flat/1.0.1"
xmlns:ch="urn://x-artefacts-rosreestr-ru/commons/complex-types/cultural-heritage/2.0.1">
<Realty>
<Flat CadastralNumber="27:23:0051205:1291" State="01"
DateCreated="2013-01-29"
>
<CadastralBlock>27:23:0051205</CadastralBlock>
<ObjectType>002001003000</ObjectType>
<ParentCadastralNumbers>
<CadastralNumberOKS>27:23:0051205:1289</CadastralNumberOKS>
</ParentCadastralNumbers>
<OldNumbers>
<num:OldNumber Type="01" Number="19233" />
</OldNumbers>
<Assignation>
<flat:AssignationCode>206002000000</flat:AssignationCode>
<flat:AssignationType>205001000000</flat:AssignationType>
</Assignation>
<Area>60.8</Area>
<Address>
<adrs:OKATO>08401365000</adrs:OKATO>
<adrs:KLADR>27000001000040800</adrs:KLADR>
<adrs:Region>27</adrs:Region>
<adrs:City Name="Хабаровск" Type="г" />
<adrs:UrbanDistrict Name="Индустриальный" Type="р-н" />
<adrs:Street Name="Краснореченский" Type="пер" />
<adrs:Level1 Type="д" Value="4" />
<adrs:Apartment Type="кв" Value="3" />
</Address>
<PositionInObject>
<Levels>
<Level Number="1" Type="01">
<Position NumberOnPlan="3">
</Position>
</Level>
</Levels>
</PositionInObject>
<CadastralCost Value="2203927.04" Unit="383" />
<Rights>
<Right>
<Name>Общая долевая собственность</Name>
<Type>001002000000</Type>
<Owners>
<Owner>
<Person>
<FamilyName>Тарунин</FamilyName>
<FirstName>Олег</FirstName>
<Patronymic>Вячеславович</Patronymic>
</Person>
</Owner>
</Owners>
<Share Numerator="36" Denominator="100" />
<Registration>
<RegNumber>27-27-01/222/2014-732</RegNumber>
<RegDate>2014-04-04</RegDate>
</Registration>
</Right>
<Right>
<Name>Общая долевая собственность</Name>
<Type>001002000000</Type>
<Owners>
<Owner>
<Person>
<FamilyName>Тарунина</FamilyName>
<FirstName>Татьяна</FirstName>
<Patronymic>Николаевна</Patronymic>
</Person>
</Owner>
</Owners>
<Share Numerator="32" Denominator="100" />
<Registration>
<RegNumber>27-27-01/222/2014-732</RegNumber>
<RegDate>2014-04-04</RegDate>
</Registration>
</Right>
<Right>
<Name>Общая долевая собственность</Name>
<Type>001002000000</Type>
<Owners>
<Owner>
<Person>
<FamilyName>Шевченко</FamilyName>
<FirstName>Владислава</FirstName>
<Patronymic>Вячеславовна</Patronymic>
</Person>
</Owner>
</Owners>
<Share Numerator="32" Denominator="100" />
<Registration>
<RegNumber>27-27-01/222/2014-732</RegNumber>
<RegDate>2014-04-04</RegDate>
</Registration>
</Right>
</Rights>
</Flat>
</Realty>
<CertificationDoc>
<cer:Organization>ФГИС ЕГРН</cer:Organization>
<cer:Date>2017-09-26</cer:Date>
<cer:Number>99/2017/29286445</cer:Number>
</CertificationDoc>
<CoordSystems>
<spa:CoordSystem Name="МСК-27 зона 3" CsId="ID0" />
</CoordSystems>
<eDocument CodeType="112" Version="07" Scope="GKN">
<Sender Kod="00.0.4.195"
Name="ФГИС ЕГРН"
Region="99"
Date_Upload="2017-09-26"
Appointment="Государственный регистратор"
/>
<Recipient Kod="00.0.4.111" Name="Колонтаева Наталья Владимировна" />
</eDocument>
<ReestrExtract>
<DeclarAttribute ID_KUVI="0"
ExtractTypeCode="012000"
ExtractTypeText="Выписка из Единого государственного реестра недвижимости об объекте недвижимости"
ExtractNumber="99/2017/29286445"
ExtractDate="26.09.2017"
RequeryNumber="80-15870624"
RequeryDate="26.09.2017"
ExtractCount="1"
NoticeCount="0"
RefuseCount="0"
Registrator="ФГИС ЕГРН">
<ReceivName>Колонтаева Наталья Владимировна</ReceivName>
<ReceivAdress>не указан</ReceivAdress>
</DeclarAttribute>
<ExtractObjectRight>
<HeadContent>
<ID_REC_KUVI>0</ID_REC_KUVI>
<Title>ФЕДЕРАЛЬНАЯ СЛУЖБА ГОСУДАРСТВЕННОЙ РЕГИСТРАЦИИ, КАДАСТРА И КАРТОГРАФИИ</Title>
<DeptName>ФГИС ЕГРН</DeptName>
<ExtractTitle>Выписка из Единого государственного реестра недвижимости об объекте недвижимости</ExtractTitle>
<Content>На основании запроса от 26.09.2017 г., поступившего на рассмотрение 26.09.2017 г., сообщаем, что согласно записям Единого государственного реестра недвижимости:</Content>
</HeadContent>
<ExtractObject>
<ObjectRight>
<Right RightNumber="1">
<Owner >
<ID_Subject>136828023527</ID_Subject>
<Person>
<Code_SP>007003000000</Code_SP>
<Content>Тарунин Олег Вячеславович</Content>
<FIO>
<Surname>Тарунин</Surname>
<First>Олег</First>
<Patronymic>Вячеславович</Patronymic>
</FIO>
</Person>
</Owner>
<Registration >
<ID_Record>136828022927</ID_Record>
<RegNumber>27-27-01/222/2014-732</RegNumber>
<Type>001002000000</Type>
<Name>Долевая собственность, № 27-27-01/222/2014-732 от 04.04.2014, 36/100</Name>
<RegDate>04.04.2014</RegDate>
<ShareText>36/100</ShareText>
</Registration>
<NoEncumbrance>не зарегистрировано</NoEncumbrance>
</Right>
<Right RightNumber="2">
<Owner >
<ID_Subject>136828025427</ID_Subject>
<Person>
<Code_SP>007003000000</Code_SP>
<Content>Шевченко Владислава Вячеславовна</Content>
<FIO>
<Surname>Шевченко</Surname>
<First>Владислава</First>
<Patronymic>Вячеславовна</Patronymic>
</FIO>
</Person>
</Owner>
<Registration >
<ID_Record>136828024927</ID_Record>
<RegNumber>27-27-01/222/2014-732</RegNumber>
<Type>001002000000</Type>
<Name>Долевая собственность, № 27-27-01/222/2014-732 от 04.04.2014, 32/100</Name>
<RegDate>04.04.2014</RegDate>
<ShareText>32/100</ShareText>
</Registration>
<NoEncumbrance>не зарегистрировано</NoEncumbrance>
</Right>
<Right RightNumber="3">
<Owner >
<ID_Subject>136828024527</ID_Subject>
<Person>
<Code_SP>007003000000</Code_SP>
<Content>Тарунина Татьяна Николаевна</Content>
<FIO>
<Surname>Тарунина</Surname>
<First>Татьяна</First>
<Patronymic>Николаевна</Patronymic>
</FIO>
</Person>
</Owner>
<Registration >
<ID_Record>136828023927</ID_Record>
<RegNumber>27-27-01/222/2014-732</RegNumber>
<Type>001002000000</Type>
<Name>Долевая собственность, № 27-27-01/222/2014-732 от 04.04.2014, 32/100</Name>
<RegDate>04.04.2014</RegDate>
<ShareText>32/100</ShareText>
</Registration>
<NoEncumbrance>не зарегистрировано</NoEncumbrance>
</Right>
<NoShareHolding>не зарегистрировано</NoShareHolding>
</ObjectRight>
<RightAssert>данные отсутствуют</RightAssert>
<RightClaim>данные отсутствуют</RightClaim>
<RightAgainst>данные отсутствуют</RightAgainst>
<RightSteal>данные отсутствуют</RightSteal>
<WithoutThirdParty>данные отсутствуют</WithoutThirdParty>
<InabilityRegWithoutOwner></InabilityRegWithoutOwner>
<InabilityRegZU></InabilityRegZU>
</ExtractObject>
<InfoENK/>
<InfoPIK/>
<FootContent>
<Recipient>Колонтаева Наталья Владимировна</Recipient>
<ExtractDate>26.09.2017</ExtractDate>
<Content></Content>
</FootContent>
</ExtractObjectRight>
</ReestrExtract>
</KPOKS>