<?xml version="1.0" encoding="UTF-8" ?>
<?xml-stylesheet type="text/xsl" href="https://portal.rosreestr.ru/xsl/EGRP/Reestr_Extract_Big/ROOM/07/Common.xsl"?>

<KPOKS xmlns="urn://x-artefacts-rosreestr-ru/outgoing/kpoks/4.0.1"
xmlns:smev="urn://x-artefacts-smev-gov-ru/supplementary/commons/1.0.1"
xmlns:num="urn://x-artefacts-rosreestr-ru/commons/complex-types/numbers/1.0"
xmlns:adrs="urn://x-artefacts-rosreestr-ru/commons/complex-types/address-output/4.0.1"
xmlns:spa="urn://x-artefacts-rosreestr-ru/commons/complex-types/entity-spatial/5.0.1"
xmlns:param="urn://x-artefacts-rosreestr-ru/commons/complex-types/parameters-oks/2.0.1"
xmlns:cer="urn://x-artefacts-rosreestr-ru/commons/complex-types/certification-doc/1.0"
xmlns:doc="urn://x-artefacts-rosreestr-ru/commons/complex-types/document-output/4.0.1"
xmlns:flat="urn://x-artefacts-rosreestr-ru/commons/complex-types/assignation-flat/1.0.1"
xmlns:ch="urn://x-artefacts-rosreestr-ru/commons/complex-types/cultural-heritage/2.0.1">
<Realty>
<Flat CadastralNumber="27:23:0050722:224" State="01"
DateCreated="2012-06-28"
>
<CadastralBlock>27:23:0050722</CadastralBlock>
<ObjectType>002001003000</ObjectType>
<ParentCadastralNumbers>
<CadastralNumberOKS>27:23:0050722:29</CadastralNumberOKS>
</ParentCadastralNumbers>
<OldNumbers>
<num:OldNumber Type="01" Number="11888" />
<num:OldNumber Type="99" Number="р1-80-41234" />
</OldNumbers>
<Assignation>
<flat:AssignationCode>206002000000</flat:AssignationCode>
<flat:AssignationType>205001000000</flat:AssignationType>
</Assignation>
<Area>41.3</Area>
<Address>
<adrs:OKATO>08401365000</adrs:OKATO>
<adrs:KLADR>27000001000083000</adrs:KLADR>
<adrs:Region>27</adrs:Region>
<adrs:City Name="Хабаровск" Type="г" />
<adrs:Street Name="Союзная" Type="ул" />
<adrs:Level1 Type="д" Value="68" />
<adrs:Apartment Type="кв" Value="71" />
</Address>
<PositionInObject>
<Levels>
<Level Number="03" Type="01">
<Position NumberOnPlan="71">
</Position>
</Level>
</Levels>
</PositionInObject>
<CadastralCost Value="1785315.99" Unit="383" />
<Rights>
<Right>
<Name>Общая долевая собственность</Name>
<Type>001002000000</Type>
<Owners>
<Owner>
<Person>
<FamilyName>Щеглюк-Куриленко</FamilyName>
<FirstName>Татьяна</FirstName>
<Patronymic>Степановна</Patronymic>
</Person>
</Owner>
</Owners>
<Share Numerator="1" Denominator="4" />
<Registration>
<RegNumber>27-27-01/124/2010-624</RegNumber>
<RegDate>2010-10-14</RegDate>
</Registration>
</Right>
<Right>
<Name>Общая долевая собственность</Name>
<Type>001002000000</Type>
<Owners>
<Owner>
<Person>
<FamilyName>Аксенов</FamilyName>
<FirstName>Владимир</FirstName>
<Patronymic>Васильевич</Patronymic>
</Person>
</Owner>
</Owners>
<Share Numerator="3" Denominator="4" />
<Registration>
<RegNumber>27-27-01/124/2010-624</RegNumber>
<RegDate>2010-10-14</RegDate>
</Registration>
</Right>
</Rights>
<Encumbrances>
<Encumbrance>
<Type>022099000000</Type>
<Registration>
<RegNumber>27-27/001-27/001/001/2016-1587/1</RegNumber>
<RegDate>2016-04-21</RegDate>
</Registration>
</Encumbrance>
</Encumbrances>
</Flat>
</Realty>
<CertificationDoc>
<cer:Organization>ФГИС ЕГРН</cer:Organization>
<cer:Date>2017-09-24</cer:Date>
<cer:Number>99/2017/29052981</cer:Number>
</CertificationDoc>
<CoordSystems>
<spa:CoordSystem Name="МСК-27 зона 3" CsId="ID0" />
</CoordSystems>
<eDocument CodeType="112" Version="07" Scope="GKN">
<Sender Kod="00.0.4.195"
Name="ФГИС ЕГРН"
Region="99"
Date_Upload="2017-09-24"
Appointment="Государственный регистратор"
/>
<Recipient Kod="00.0.4.111" Name="Колонтаева Наталья Владимировна" />
</eDocument>
<ReestrExtract>
<DeclarAttribute ID_KUVI="0"
ExtractTypeCode="012000"
ExtractTypeText="Выписка из Единого государственного реестра недвижимости об объекте недвижимости"
ExtractNumber="99/2017/29052981"
ExtractDate="24.09.2017"
RequeryNumber="80-15657423"
RequeryDate="24.09.2017"
ExtractCount="1"
NoticeCount="0"
RefuseCount="0"
Registrator="ФГИС ЕГРН">
<ReceivName>Колонтаева Наталья Владимировна</ReceivName>
<ReceivAdress>не указан</ReceivAdress>
</DeclarAttribute>
<ExtractObjectRight>
<HeadContent>
<ID_REC_KUVI>0</ID_REC_KUVI>
<Title>ФЕДЕРАЛЬНАЯ СЛУЖБА ГОСУДАРСТВЕННОЙ РЕГИСТРАЦИИ, КАДАСТРА И КАРТОГРАФИИ</Title>
<DeptName>ФГИС ЕГРН</DeptName>
<ExtractTitle>Выписка из Единого государственного реестра недвижимости об объекте недвижимости</ExtractTitle>
<Content>На основании запроса от 24.09.2017 г., поступившего на рассмотрение 24.09.2017 г., сообщаем, что согласно записям Единого государственного реестра недвижимости:</Content>
</HeadContent>
<ExtractObject>
<ObjectRight>
<Right RightNumber="1">
<Owner >
<ID_Subject>17548813427</ID_Subject>
<Person>
<Code_SP>007003000000</Code_SP>
<Content>Куриленко Татьяна Степановна</Content>
<FIO>
<Surname>Куриленко</Surname>
<First>Татьяна</First>
<Patronymic>Степановна</Patronymic>
</FIO>
</Person>
</Owner>
<Registration >
<ID_Record>129945672427</ID_Record>
<RegNumber>27-27-01/124/2010-624</RegNumber>
<Type>001002000000</Type>
<Name>Долевая собственность, № 27-27-01/124/2010-624 от 14.10.2010, 1/4</Name>
<RegDate>14.10.2010</RegDate>
<ShareText>1/4</ShareText>
</Registration>
<NoEncumbrance>не зарегистрировано</NoEncumbrance>
</Right>
<Right RightNumber="2">
<Owner >
<ID_Subject>110814846327</ID_Subject>
<Person>
<Code_SP>007003000000</Code_SP>
<Content>Аксенов Владимир Васильевич</Content>
<FIO>
<Surname>Аксенов</Surname>
<First>Владимир</First>
<Patronymic>Васильевич</Patronymic>
</FIO>
</Person>
</Owner>
<Registration >
<ID_Record>129945671527</ID_Record>
<RegNumber>27-27-01/124/2010-624</RegNumber>
<Type>001002000000</Type>
<Name>Долевая собственность, № 27-27-01/124/2010-624 от 14.10.2010, 3/4</Name>
<RegDate>14.10.2010</RegDate>
<ShareText>3/4</ShareText>
</Registration>
<Encumbrance>
<ID_Record>129945674727</ID_Record>
<RegNumber>27-27/001-27/001/001/2016-1587/1</RegNumber>
<Type>022099000000</Type>
<Name>Прочие ограничения (обременения)</Name>
<ShareText>Запрет на совершение действий по регистрации
</ShareText>
<RegDate>21.04.2016</RegDate>
<DocFound>
<ID_Document>129945674927</ID_Document>
<Content>Постановление судебного пристава-исполнителя oт 14.04.2016, выдавший орган: Отдел судебных приставов по Индустриальному району г.Хабаровска (судебный пристав-исполнитель Дуничев Евгений Геннадьевич)</Content>
<Type_Document>010007000000</Type_Document>
<Name>Постановление судебного пристава-исполнителя</Name>
<Number>б/н</Number>
<Date>14.04.2016</Date>
<IssueOrgan>Отдел судебных приставов по Индустриальному району г.Хабаровска (судебный пристав-исполнитель Дуничев Евгений Геннадьевич)</IssueOrgan>
</DocFound>
</Encumbrance>
</Right>
<NoShareHolding>не зарегистрировано</NoShareHolding>
</ObjectRight>
<RightAssert>данные отсутствуют</RightAssert>
<RightClaim>данные отсутствуют</RightClaim>
<RightAgainst>данные отсутствуют</RightAgainst>
<RightSteal>данные отсутствуют</RightSteal>
<WithoutThirdParty>данные отсутствуют</WithoutThirdParty>
<InabilityRegWithoutOwner></InabilityRegWithoutOwner>
<InabilityRegZU></InabilityRegZU>
</ExtractObject>
<InfoENK/>
<InfoPIK/>
<FootContent>
<Recipient>Колонтаева Наталья Владимировна</Recipient>
<ExtractDate>24.09.2017</ExtractDate>
<Content></Content>
</FootContent>
</ExtractObjectRight>
</ReestrExtract>
</KPOKS>