<?xml version="1.0" encoding="UTF-8" ?>
<?xml-stylesheet type="text/xsl" href="https://portal.rosreestr.ru/xsl/EGRP/Reestr_Extract_Big/ROOM/07/Common.xsl"?>

<KPOKS xmlns="urn://x-artefacts-rosreestr-ru/outgoing/kpoks/4.0.1"
xmlns:smev="urn://x-artefacts-smev-gov-ru/supplementary/commons/1.0.1"
xmlns:num="urn://x-artefacts-rosreestr-ru/commons/complex-types/numbers/1.0"
xmlns:adrs="urn://x-artefacts-rosreestr-ru/commons/complex-types/address-output/4.0.1"
xmlns:spa="urn://x-artefacts-rosreestr-ru/commons/complex-types/entity-spatial/5.0.1"
xmlns:param="urn://x-artefacts-rosreestr-ru/commons/complex-types/parameters-oks/2.0.1"
xmlns:cer="urn://x-artefacts-rosreestr-ru/commons/complex-types/certification-doc/1.0"
xmlns:doc="urn://x-artefacts-rosreestr-ru/commons/complex-types/document-output/4.0.1"
xmlns:flat="urn://x-artefacts-rosreestr-ru/commons/complex-types/assignation-flat/1.0.1"
xmlns:ch="urn://x-artefacts-rosreestr-ru/commons/complex-types/cultural-heritage/2.0.1">
<Realty>
<Flat CadastralNumber="27:23:0051205:1366" State="06"
DateCreated="2014-07-02"
>
<CadastralBlock>27:23:0051205</CadastralBlock>
<ObjectType>002001003000</ObjectType>
<ParentCadastralNumbers>
<CadastralNumberOKS>27:23:0051205:1289</CadastralNumberOKS>
</ParentCadastralNumbers>
<OldNumbers>
<num:OldNumber Type="01" Number="19233" />
</OldNumbers>
<Assignation>
<flat:AssignationCode>206002000000</flat:AssignationCode>
<flat:AssignationType>205001000000</flat:AssignationType>
</Assignation>
<Area>60.5</Area>
<Address>
<adrs:OKATO>08401365000</adrs:OKATO>
<adrs:KLADR>27000001000040800</adrs:KLADR>
<adrs:Region>27</adrs:Region>
<adrs:City Name="Хабаровск" Type="г" />
<adrs:Street Name="Краснореченский" Type="пер" />
<adrs:Level1 Type="д" Value="4" />
<adrs:Apartment Type="кв" Value="8" />
</Address>
<PositionInObject>
<Levels>
<Level Number="3" Type="01">
<Position NumberOnPlan="8">
</Position>
</Level>
</Levels>
</PositionInObject>
<CadastralCost Value="2193052.4" Unit="383" />
<Rights>
<Right>
<Name>Общая долевая собственность</Name>
<Type>001002000000</Type>
<Owners>
<Owner>
<Person>
<FamilyName>Науменко</FamilyName>
<FirstName>Татьяна</FirstName>
<Patronymic>Константиновна</Patronymic>
</Person>
</Owner>
</Owners>
<Share Numerator="1" Denominator="4" />
<Registration>
<RegNumber>27-27-01/409/2014-620</RegNumber>
<RegDate>2014-07-17</RegDate>
</Registration>
</Right>
<Right>
<Name>Общая долевая собственность</Name>
<Type>001002000000</Type>
<Owners>
<Owner>
<Person>
<FamilyName>Анфиногенова</FamilyName>
<FirstName>Светлана</FirstName>
<Patronymic>Геннадьевна</Patronymic>
</Person>
</Owner>
</Owners>
<Share Numerator="1" Denominator="4" />
<Registration>
<RegNumber>27-27-01/409/2014-620</RegNumber>
<RegDate>2014-07-17</RegDate>
</Registration>
</Right>
<Right>
<Name>Общая долевая собственность</Name>
<Type>001002000000</Type>
<Owners>
<Owner>
<Person>
<FamilyName>Стародубцева</FamilyName>
<FirstName>Александра</FirstName>
<Patronymic>Геннадьевна</Patronymic>
</Person>
</Owner>
</Owners>
<Share Numerator="1" Denominator="2" />
<Registration>
<RegNumber>27-27/001-27/002/204/2016-625/3</RegNumber>
<RegDate>2016-02-03</RegDate>
</Registration>
</Right>
</Rights>
<Notes>Общая площадь указана за исключением площади балконов, лоджий, веранд и террас (ст. 15 ЖК РФ).</Notes>
</Flat>
</Realty>
<CertificationDoc>
<cer:Organization>ФГИС ЕГРН</cer:Organization>
<cer:Date>2017-09-26</cer:Date>
<cer:Number>99/2017/29317204</cer:Number>
</CertificationDoc>
<Contractors>
<Contractor >
<FamilyName>Еркашова</FamilyName>
<FirstName>Светлана</FirstName>
<Patronymic>Анатольевна</Patronymic>
<NCertificate>27-13-42</NCertificate>
<Organization>
<Name>КГУП &quot;Хабкрайинвентаризация&quot;</Name>
</Organization>
</Contractor>
</Contractors>
<CoordSystems>
<spa:CoordSystem Name="МСК-27 зона 3" CsId="ID0" />
</CoordSystems>
<eDocument CodeType="112" Version="07" Scope="GKN">
<Sender Kod="00.0.4.195"
Name="ФГИС ЕГРН"
Region="99"
Date_Upload="2017-09-26"
Appointment="Государственный регистратор"
/>
<Recipient Kod="00.0.4.111" Name="Колонтаева Наталья Владимировна" />
</eDocument>
<ReestrExtract>
<DeclarAttribute ID_KUVI="0"
ExtractTypeCode="012000"
ExtractTypeText="Выписка из Единого государственного реестра недвижимости об объекте недвижимости"
ExtractNumber="99/2017/29317204"
ExtractDate="26.09.2017"
RequeryNumber="80-15871165"
RequeryDate="26.09.2017"
ExtractCount="1"
NoticeCount="0"
RefuseCount="0"
Registrator="ФГИС ЕГРН">
<ReceivName>Колонтаева Наталья Владимировна</ReceivName>
<ReceivAdress>не указан</ReceivAdress>
</DeclarAttribute>
<ExtractObjectRight>
<HeadContent>
<ID_REC_KUVI>0</ID_REC_KUVI>
<Title>ФЕДЕРАЛЬНАЯ СЛУЖБА ГОСУДАРСТВЕННОЙ РЕГИСТРАЦИИ, КАДАСТРА И КАРТОГРАФИИ</Title>
<DeptName>ФГИС ЕГРН</DeptName>
<ExtractTitle>Выписка из Единого государственного реестра недвижимости об объекте недвижимости</ExtractTitle>
<Content>На основании запроса от 26.09.2017 г., поступившего на рассмотрение 26.09.2017 г., сообщаем, что согласно записям Единого государственного реестра недвижимости:</Content>
</HeadContent>
<ExtractObject>
<ObjectRight>
<Right RightNumber="1">
<Owner >
<ID_Subject>83909614027</ID_Subject>
<Person>
<Code_SP>007003000000</Code_SP>
<Content>Науменко Татьяна Константиновна</Content>
<FIO>
<Surname>Науменко</Surname>
<First>Татьяна</First>
<Patronymic>Константиновна</Patronymic>
</FIO>
</Person>
</Owner>
<Registration >
<ID_Record>137101366427</ID_Record>
<RegNumber>27-27-01/409/2014-620</RegNumber>
<Type>001002000000</Type>
<Name>Долевая собственность, № 27-27-01/409/2014-620 от 17.07.2014, 1/4</Name>
<RegDate>17.07.2014</RegDate>
<ShareText>1/4</ShareText>
</Registration>
<NoEncumbrance>не зарегистрировано</NoEncumbrance>
</Right>
<Right RightNumber="2">
<Owner >
<ID_Subject>78644517027</ID_Subject>
<Person>
<Code_SP>007003000000</Code_SP>
<Content>Анфиногенова Светлана Геннадьевна</Content>
<FIO>
<Surname>Анфиногенова</Surname>
<First>Светлана</First>
<Patronymic>Геннадьевна</Patronymic>
</FIO>
</Person>
</Owner>
<Registration >
<ID_Record>137101366927</ID_Record>
<RegNumber>27-27-01/409/2014-620</RegNumber>
<Type>001002000000</Type>
<Name>Долевая собственность, № 27-27-01/409/2014-620 от 17.07.2014, 1/4</Name>
<RegDate>17.07.2014</RegDate>
<ShareText>1/4</ShareText>
</Registration>
<NoEncumbrance>не зарегистрировано</NoEncumbrance>
</Right>
<Right RightNumber="3">
<Owner >
<ID_Subject>137101365427</ID_Subject>
<Person>
<Code_SP>007003000000</Code_SP>
<Content>Стародубцева Александра Геннадьевна</Content>
<FIO>
<Surname>Стародубцева</Surname>
<First>Александра</First>
<Patronymic>Геннадьевна</Patronymic>
</FIO>
</Person>
</Owner>
<Registration >
<ID_Record>137101364727</ID_Record>
<RegNumber>27-27/001-27/002/204/2016-625/3</RegNumber>
<Type>001002000000</Type>
<Name>Долевая собственность, № 27-27/001-27/002/204/2016-625/3 от 03.02.2016, 1/2</Name>
<RegDate>03.02.2016</RegDate>
<ShareText>1/2</ShareText>
</Registration>
<NoEncumbrance>не зарегистрировано</NoEncumbrance>
</Right>
<NoShareHolding>не зарегистрировано</NoShareHolding>
</ObjectRight>
<RightAssert>данные отсутствуют</RightAssert>
<RightClaim>данные отсутствуют</RightClaim>
<RightAgainst>данные отсутствуют</RightAgainst>
<RightSteal>данные отсутствуют</RightSteal>
<WithoutThirdParty>данные отсутствуют</WithoutThirdParty>
<InabilityRegWithoutOwner></InabilityRegWithoutOwner>
<InabilityRegZU></InabilityRegZU>
</ExtractObject>
<InfoENK/>
<InfoPIK/>
<FootContent>
<Recipient>Колонтаева Наталья Владимировна</Recipient>
<ExtractDate>26.09.2017</ExtractDate>
<Content></Content>
</FootContent>
</ExtractObjectRight>
</ReestrExtract>
</KPOKS>