<?xml version="1.0" encoding="UTF-8" ?>
<?xml-stylesheet type="text/xsl" href="https://portal.rosreestr.ru/xsl/EGRP/Reestr_Extract_Big/ROOM/07/Common.xsl"?>

<KPOKS xmlns="urn://x-artefacts-rosreestr-ru/outgoing/kpoks/4.0.1"
xmlns:smev="urn://x-artefacts-smev-gov-ru/supplementary/commons/1.0.1"
xmlns:num="urn://x-artefacts-rosreestr-ru/commons/complex-types/numbers/1.0"
xmlns:adrs="urn://x-artefacts-rosreestr-ru/commons/complex-types/address-output/4.0.1"
xmlns:spa="urn://x-artefacts-rosreestr-ru/commons/complex-types/entity-spatial/5.0.1"
xmlns:param="urn://x-artefacts-rosreestr-ru/commons/complex-types/parameters-oks/2.0.1"
xmlns:cer="urn://x-artefacts-rosreestr-ru/commons/complex-types/certification-doc/1.0"
xmlns:doc="urn://x-artefacts-rosreestr-ru/commons/complex-types/document-output/4.0.1"
xmlns:flat="urn://x-artefacts-rosreestr-ru/commons/complex-types/assignation-flat/1.0.1"
xmlns:ch="urn://x-artefacts-rosreestr-ru/commons/complex-types/cultural-heritage/2.0.1">
<Realty>
<Flat CadastralNumber="27:23:0050732:932" State="01"
DateCreated="2013-10-30"
>
<CadastralBlock>27:23:0050732</CadastralBlock>
<ObjectType>002001003000</ObjectType>
<ParentCadastralNumbers>
<CadastralNumberOKS>27:23:0050732:78</CadastralNumberOKS>
</ParentCadastralNumbers>
<OldNumbers>
<num:OldNumber Type="01" Number="12133" />
</OldNumbers>
<Assignation>
<flat:AssignationCode>206002000000</flat:AssignationCode>
<flat:AssignationType>205001000000</flat:AssignationType>
</Assignation>
<Area>98.8</Area>
<Address>
<adrs:OKATO>08401365000</adrs:OKATO>
<adrs:KLADR>27000001000084700</adrs:KLADR>
<adrs:Region>27</adrs:Region>
<adrs:City Name="Хабаровск" Type="г" />
<adrs:UrbanDistrict Name="Индустриальный" Type="р-н" />
<adrs:Street Name="Строительная" Type="ул" />
<adrs:Level1 Type="д" Value="1" />
<adrs:Apartment Type="кв" Value="9" />
</Address>
<PositionInObject>
<Levels>
<Level Number="03" Type="01">
<Position NumberOnPlan="9">
</Position>
</Level>
</Levels>
</PositionInObject>
<CadastralCost Value="4364292.4" Unit="383" />
<Rights>
<Right>
<Name>Общая долевая собственность</Name>
<Type>001002000000</Type>
<Owners>
<Owner>
<Person>
<FamilyName>Бузунова</FamilyName>
<FirstName>Вера</FirstName>
<Patronymic>Михайловна</Patronymic>
</Person>
</Owner>
</Owners>
<Share Numerator="1" Denominator="6" />
<Registration>
<RegNumber>27-27-01/024/2013-899</RegNumber>
<RegDate>2013-04-17</RegDate>
</Registration>
</Right>
<Right>
<Name>Общая долевая собственность</Name>
<Type>001002000000</Type>
<Owners>
<Owner>
<Person>
<FamilyName>Сизикова</FamilyName>
<FirstName>Елена</FirstName>
<Patronymic>Ивановна</Patronymic>
</Person>
</Owner>
</Owners>
<Share Numerator="1" Denominator="12" />
<Registration>
<RegNumber>27-27-01/019/2011-183</RegNumber>
<RegDate>2011-02-07</RegDate>
</Registration>
</Right>
<Right>
<Name>Общая долевая собственность</Name>
<Type>001002000000</Type>
<Owners>
<Owner>
<Person>
<FamilyName>Сизикова</FamilyName>
<FirstName>Полина</FirstName>
<Patronymic>Гавриловна</Patronymic>
</Person>
</Owner>
</Owners>
<Share Numerator="1" Denominator="12" />
<Registration>
<RegNumber>27-27-01/011/2011-051</RegNumber>
<RegDate>2011-01-26</RegDate>
</Registration>
</Right>
</Rights>
</Flat>
</Realty>
<CertificationDoc>
<cer:Organization>ФГИС ЕГРН</cer:Organization>
<cer:Date>2017-09-24</cer:Date>
<cer:Number>99/2017/29047933</cer:Number>
</CertificationDoc>
<CoordSystems>
<spa:CoordSystem Name="МСК-27 зона 3" CsId="ID0" />
</CoordSystems>
<eDocument CodeType="112" Version="07" Scope="GKN">
<Sender Kod="00.0.4.195"
Name="ФГИС ЕГРН"
Region="99"
Date_Upload="2017-09-24"
Appointment="Государственный регистратор"
/>
<Recipient Kod="00.0.4.111" Name="Колонтаева Наталья Владимировна" />
</eDocument>
<ReestrExtract>
<DeclarAttribute ID_KUVI="0"
ExtractTypeCode="012000"
ExtractTypeText="Выписка из Единого государственного реестра недвижимости об объекте недвижимости"
ExtractNumber="99/2017/29047933"
ExtractDate="24.09.2017"
RequeryNumber="80-15652654"
RequeryDate="24.09.2017"
ExtractCount="1"
NoticeCount="0"
RefuseCount="0"
Registrator="ФГИС ЕГРН">
<ReceivName>Колонтаева Наталья Владимировна</ReceivName>
<ReceivAdress>не указан</ReceivAdress>
</DeclarAttribute>
<ExtractObjectRight>
<HeadContent>
<ID_REC_KUVI>0</ID_REC_KUVI>
<Title>ФЕДЕРАЛЬНАЯ СЛУЖБА ГОСУДАРСТВЕННОЙ РЕГИСТРАЦИИ, КАДАСТРА И КАРТОГРАФИИ</Title>
<DeptName>ФГИС ЕГРН</DeptName>
<ExtractTitle>Выписка из Единого государственного реестра недвижимости об объекте недвижимости</ExtractTitle>
<Content>На основании запроса от 24.09.2017 г., поступившего на рассмотрение 24.09.2017 г., сообщаем, что согласно записям Единого государственного реестра недвижимости:</Content>
</HeadContent>
<ExtractObject>
<ObjectRight>
<Right RightNumber="1">
<Owner >
<ID_Subject>128862992727</ID_Subject>
<Person>
<Code_SP>007003000000</Code_SP>
<Content>Сизикова Полина Гавриловна</Content>
<FIO>
<Surname>Сизикова</Surname>
<First>Полина</First>
<Patronymic>Гавриловна</Patronymic>
</FIO>
</Person>
</Owner>
<Registration >
<ID_Record>128862992227</ID_Record>
<RegNumber>27-27-01/011/2011-051</RegNumber>
<Type>001002000000</Type>
<Name>Долевая собственность, № 27-27-01/011/2011-051 от 26.01.2011, 1/12</Name>
<RegDate>26.01.2011</RegDate>
<ShareText>1/12</ShareText>
</Registration>
<NoEncumbrance>не зарегистрировано</NoEncumbrance>
</Right>
<Right RightNumber="2">
<Owner >
<ID_Subject>22526586327</ID_Subject>
<Person>
<Code_SP>007003000000</Code_SP>
<Content>Сизикова Елена Ивановна</Content>
<FIO>
<Surname>Сизикова</Surname>
<First>Елена</First>
<Patronymic>Ивановна</Patronymic>
</FIO>
</Person>
</Owner>
<Registration >
<ID_Record>128862993127</ID_Record>
<RegNumber>27-27-01/019/2011-183</RegNumber>
<Type>001002000000</Type>
<Name>Долевая собственность, № 27-27-01/019/2011-183 от 07.02.2011, 1/12</Name>
<RegDate>07.02.2011</RegDate>
<ShareText>1/12</ShareText>
</Registration>
<NoEncumbrance>не зарегистрировано</NoEncumbrance>
</Right>
<Right RightNumber="3">
<Owner >
<ID_Subject>128862991827</ID_Subject>
<Person>
<Code_SP>007003000000</Code_SP>
<Content>Бузунова Вера Михайловна</Content>
<FIO>
<Surname>Бузунова</Surname>
<First>Вера</First>
<Patronymic>Михайловна</Patronymic>
</FIO>
</Person>
</Owner>
<Registration >
<ID_Record>128862991427</ID_Record>
<RegNumber>27-27-01/024/2013-899</RegNumber>
<Type>001002000000</Type>
<Name>Долевая собственность, № 27-27-01/024/2013-899 от 17.04.2013, 1/6</Name>
<RegDate>17.04.2013</RegDate>
<ShareText>1/6</ShareText>
</Registration>
<NoEncumbrance>не зарегистрировано</NoEncumbrance>
</Right>
<NoShareHolding>не зарегистрировано</NoShareHolding>
</ObjectRight>
<RightAssert>данные отсутствуют</RightAssert>
<RightClaim>данные отсутствуют</RightClaim>
<RightAgainst>данные отсутствуют</RightAgainst>
<RightSteal>данные отсутствуют</RightSteal>
<WithoutThirdParty>данные отсутствуют</WithoutThirdParty>
<InabilityRegWithoutOwner></InabilityRegWithoutOwner>
<InabilityRegZU></InabilityRegZU>
</ExtractObject>
<InfoENK/>
<InfoPIK/>
<FootContent>
<Recipient>Колонтаева Наталья Владимировна</Recipient>
<ExtractDate>24.09.2017</ExtractDate>
<Content></Content>
</FootContent>
</ExtractObjectRight>
</ReestrExtract>
</KPOKS>