<?xml version="1.0" encoding="UTF-8" ?>
<?xml-stylesheet type="text/xsl" href="https://portal.rosreestr.ru/xsl/EGRP/Reestr_Extract_Big/ROOM/07/Common.xsl"?>

<KPOKS xmlns="urn://x-artefacts-rosreestr-ru/outgoing/kpoks/4.0.1"
xmlns:smev="urn://x-artefacts-smev-gov-ru/supplementary/commons/1.0.1"
xmlns:num="urn://x-artefacts-rosreestr-ru/commons/complex-types/numbers/1.0"
xmlns:adrs="urn://x-artefacts-rosreestr-ru/commons/complex-types/address-output/4.0.1"
xmlns:spa="urn://x-artefacts-rosreestr-ru/commons/complex-types/entity-spatial/5.0.1"
xmlns:param="urn://x-artefacts-rosreestr-ru/commons/complex-types/parameters-oks/2.0.1"
xmlns:cer="urn://x-artefacts-rosreestr-ru/commons/complex-types/certification-doc/1.0"
xmlns:doc="urn://x-artefacts-rosreestr-ru/commons/complex-types/document-output/4.0.1"
xmlns:flat="urn://x-artefacts-rosreestr-ru/commons/complex-types/assignation-flat/1.0.1"
xmlns:ch="urn://x-artefacts-rosreestr-ru/commons/complex-types/cultural-heritage/2.0.1">
<Realty>
<Flat CadastralNumber="27:23:0050732:325" State="01"
DateCreated="2012-06-28"
>
<CadastralBlock>27:23:0050732</CadastralBlock>
<ObjectType>002001003000</ObjectType>
<ParentCadastralNumbers>
<CadastralNumberOKS>27:23:0050732:75</CadastralNumberOKS>
</ParentCadastralNumbers>
<OldNumbers>
<num:OldNumber Type="01" Number="12118" />
</OldNumbers>
<Assignation>
<flat:AssignationCode>206002000000</flat:AssignationCode>
<flat:AssignationType>205001000000</flat:AssignationType>
</Assignation>
<Area>62</Area>
<Address>
<adrs:OKATO>08401365000</adrs:OKATO>
<adrs:KLADR>27000001000040700</adrs:KLADR>
<adrs:Region>27</adrs:Region>
<adrs:City Name="Хабаровск" Type="г" />
<adrs:Street Name="Краснореченская" Type="ул" />
<adrs:Level1 Type="д" Value="11" />
<adrs:Apartment Type="кв" Value="24" />
</Address>
<PositionInObject>
<Levels>
<Level Number="03" Type="01">
<Position NumberOnPlan="24">
</Position>
</Level>
</Levels>
</PositionInObject>
<CadastralCost Value="2738726" Unit="383" />
<Rights>
<Right>
<Name>Общая долевая собственность</Name>
<Type>001002000000</Type>
<Owners>
<Owner>
<Person>
<FamilyName>Беспалова</FamilyName>
<FirstName>Татьяна</FirstName>
<Patronymic>Александровна</Patronymic>
</Person>
</Owner>
</Owners>
<Share Numerator="1" Denominator="2" />
<Registration>
<RegNumber>27-27-01/249/2013-883</RegNumber>
<RegDate>2013-09-03</RegDate>
</Registration>
</Right>
<Right>
<Name>Общая долевая собственность</Name>
<Type>001002000000</Type>
<Owners>
<Owner>
<Person>
<FamilyName>Беспалов</FamilyName>
<FirstName>Михаил</FirstName>
<Patronymic>Павлович</Patronymic>
</Person>
</Owner>
</Owners>
<Share Numerator="1" Denominator="2" />
<Registration>
<RegNumber>27-27-01/249/2013-883</RegNumber>
<RegDate>2013-09-03</RegDate>
</Registration>
</Right>
</Rights>
<Encumbrances>
<Encumbrance>
<Type>022008000000</Type>
<OwnersRestrictionInFavorem>
<OwnerRestrictionInFavorem>
<Organization>
<Name>Открытое акционерное общество &quot;МТС-Банк&quot;</Name>
</Organization>
</OwnerRestrictionInFavorem>
</OwnersRestrictionInFavorem>
<Registration>
<RegNumber>27-27-01/249/2013-885</RegNumber>
<RegDate>2013-09-03</RegDate>
</Registration>
</Encumbrance>
</Encumbrances>
</Flat>
</Realty>
<CertificationDoc>
<cer:Organization>ФГИС ЕГРН</cer:Organization>
<cer:Date>2017-09-25</cer:Date>
<cer:Number>99/2017/29146238</cer:Number>
</CertificationDoc>
<CoordSystems>
<spa:CoordSystem Name="МСК-27 зона 3" CsId="ID0" />
</CoordSystems>
<eDocument CodeType="112" Version="07" Scope="GKN">
<Sender Kod="00.0.4.195"
Name="ФГИС ЕГРН"
Region="99"
Date_Upload="2017-09-25"
Appointment="Государственный регистратор"
/>
<Recipient Kod="00.0.4.111" Name="Колонтаева Наталья Владимировна" />
</eDocument>
<ReestrExtract>
<DeclarAttribute ID_KUVI="0"
ExtractTypeCode="012000"
ExtractTypeText="Выписка из Единого государственного реестра недвижимости об объекте недвижимости"
ExtractNumber="99/2017/29146238"
ExtractDate="25.09.2017"
RequeryNumber="80-15728196"
RequeryDate="25.09.2017"
ExtractCount="1"
NoticeCount="0"
RefuseCount="0"
Registrator="ФГИС ЕГРН">
<ReceivName>Колонтаева Наталья Владимировна</ReceivName>
<ReceivAdress>не указан</ReceivAdress>
</DeclarAttribute>
<ExtractObjectRight>
<HeadContent>
<ID_REC_KUVI>0</ID_REC_KUVI>
<Title>ФЕДЕРАЛЬНАЯ СЛУЖБА ГОСУДАРСТВЕННОЙ РЕГИСТРАЦИИ, КАДАСТРА И КАРТОГРАФИИ</Title>
<DeptName>ФГИС ЕГРН</DeptName>
<ExtractTitle>Выписка из Единого государственного реестра недвижимости об объекте недвижимости</ExtractTitle>
<Content>На основании запроса от 25.09.2017 г., поступившего на рассмотрение 25.09.2017 г., сообщаем, что согласно записям Единого государственного реестра недвижимости:</Content>
</HeadContent>
<ExtractObject>
<ObjectRight>
<Right RightNumber="1">
<Owner >
<ID_Subject>35561939127</ID_Subject>
<Person>
<Code_SP>007003000000</Code_SP>
<Content>Беспалова Татьяна Александровна</Content>
<FIO>
<Surname>Беспалова</Surname>
<First>Татьяна</First>
<Patronymic>Александровна</Patronymic>
</FIO>
</Person>
</Owner>
<Registration >
<ID_Record>130720011127</ID_Record>
<RegNumber>27-27-01/249/2013-883</RegNumber>
<Type>001002000000</Type>
<Name>Долевая собственность, № 27-27-01/249/2013-883 от 03.09.2013, 1/2</Name>
<RegDate>03.09.2013</RegDate>
<ShareText>1/2</ShareText>
</Registration>
<Encumbrance>
<ID_Record>130720013427</ID_Record>
<RegNumber>27-27-01/249/2013-885</RegNumber>
<Type>022008000000</Type>
<Name>Залог в силу закона</Name>
<ShareText>весь объект
</ShareText>
<RegDate>03.09.2013</RegDate>
<Duration>
<Started>03.09.2013</Started>
<Term>с 03.09.2013 на 180 месяцев</Term>
</Duration>
<Owner >
<ID_Subject>107429993127</ID_Subject>
<Organization>
<Code_SP>007002000000</Code_SP>
<Content>Открытое акционерное общество &quot;МТС-Банк&quot;, ИНН: 7702045051</Content>
<Name>Открытое акционерное общество &quot;МТС-Банк&quot;</Name>
<INN>7702045051</INN>
</Organization>
</Owner>
<DocFound>
<ID_Document>130720010827</ID_Document>
<Content>Договор купли-продажи квартиры от 29.08.2013</Content>
<Type_Document>010003007000</Type_Document>
<Name>Договор купли-продажи квартиры</Name>
<Number>б/н</Number>
<Date>29.08.2013</Date>
</DocFound>
</Encumbrance>
</Right>
<Right RightNumber="2">
<Owner >
<ID_Subject>17743073927</ID_Subject>
<Person>
<Code_SP>007003000000</Code_SP>
<Content>Беспалов Михаил Павлович</Content>
<FIO>
<Surname>Беспалов</Surname>
<First>Михаил</First>
<Patronymic>Павлович</Patronymic>
</FIO>
</Person>
</Owner>
<Registration >
<ID_Record>130720010427</ID_Record>
<RegNumber>27-27-01/249/2013-883</RegNumber>
<Type>001002000000</Type>
<Name>Долевая собственность, № 27-27-01/249/2013-883 от 03.09.2013, 1/2</Name>
<RegDate>03.09.2013</RegDate>
<ShareText>1/2</ShareText>
</Registration>
<Encumbrance>
<ID_Record>130720013427</ID_Record>
<RegNumber>27-27-01/249/2013-885</RegNumber>
<Type>022008000000</Type>
<Name>Залог в силу закона</Name>
<ShareText>весь объект
</ShareText>
<RegDate>03.09.2013</RegDate>
<Duration>
<Started>03.09.2013</Started>
<Term>с 03.09.2013 на 180 месяцев</Term>
</Duration>
<Owner >
<ID_Subject>107429993127</ID_Subject>
<Organization>
<Code_SP>007002000000</Code_SP>
<Content>Открытое акционерное общество &quot;МТС-Банк&quot;, ИНН: 7702045051</Content>
<Name>Открытое акционерное общество &quot;МТС-Банк&quot;</Name>
<INN>7702045051</INN>
</Organization>
</Owner>
<DocFound>
<ID_Document>130720010827</ID_Document>
<Content>Договор купли-продажи квартиры от 29.08.2013</Content>
<Type_Document>010003007000</Type_Document>
<Name>Договор купли-продажи квартиры</Name>
<Number>б/н</Number>
<Date>29.08.2013</Date>
</DocFound>
</Encumbrance>
</Right>
<NoShareHolding>не зарегистрировано</NoShareHolding>
</ObjectRight>
<RightAssert>данные отсутствуют</RightAssert>
<RightClaim>данные отсутствуют</RightClaim>
<RightAgainst>данные отсутствуют</RightAgainst>
<RightSteal>данные отсутствуют</RightSteal>
<WithoutThirdParty>данные отсутствуют</WithoutThirdParty>
<InabilityRegWithoutOwner></InabilityRegWithoutOwner>
<InabilityRegZU></InabilityRegZU>
</ExtractObject>
<InfoENK/>
<InfoPIK/>
<FootContent>
<Recipient>Колонтаева Наталья Владимировна</Recipient>
<ExtractDate>25.09.2017</ExtractDate>
<Content></Content>
</FootContent>
</ExtractObjectRight>
</ReestrExtract>
</KPOKS>