<?xml version="1.0" encoding="UTF-8" ?>
<?xml-stylesheet type="text/xsl" href="https://portal.rosreestr.ru/xsl/EGRP/Reestr_Extract_Big/ROOM/07/Common.xsl"?>

<KPOKS xmlns="urn://x-artefacts-rosreestr-ru/outgoing/kpoks/4.0.1"
xmlns:smev="urn://x-artefacts-smev-gov-ru/supplementary/commons/1.0.1"
xmlns:num="urn://x-artefacts-rosreestr-ru/commons/complex-types/numbers/1.0"
xmlns:adrs="urn://x-artefacts-rosreestr-ru/commons/complex-types/address-output/4.0.1"
xmlns:spa="urn://x-artefacts-rosreestr-ru/commons/complex-types/entity-spatial/5.0.1"
xmlns:param="urn://x-artefacts-rosreestr-ru/commons/complex-types/parameters-oks/2.0.1"
xmlns:cer="urn://x-artefacts-rosreestr-ru/commons/complex-types/certification-doc/1.0"
xmlns:doc="urn://x-artefacts-rosreestr-ru/commons/complex-types/document-output/4.0.1"
xmlns:flat="urn://x-artefacts-rosreestr-ru/commons/complex-types/assignation-flat/1.0.1"
xmlns:ch="urn://x-artefacts-rosreestr-ru/commons/complex-types/cultural-heritage/2.0.1">
<Realty>
<Flat CadastralNumber="27:23:0050722:462" State="01"
DateCreated="2012-06-28"
>
<CadastralBlock>27:23:0050722</CadastralBlock>
<ObjectType>002001003000</ObjectType>
<ParentCadastralNumbers>
<CadastralNumberOKS>27:23:0050722:35</CadastralNumberOKS>
</ParentCadastralNumbers>
<OldNumbers>
<num:OldNumber Type="01" Number="11890" />
</OldNumbers>
<Assignation>
<flat:AssignationCode>206002000000</flat:AssignationCode>
<flat:AssignationType>205001000000</flat:AssignationType>
</Assignation>
<Area>31.3</Area>
<Address>
<adrs:OKATO>08401365000</adrs:OKATO>
<adrs:KLADR>27000001000083000</adrs:KLADR>
<adrs:Region>27</adrs:Region>
<adrs:City Name="Хабаровск" Type="г" />
<adrs:Street Name="Союзная" Type="ул" />
<adrs:Level1 Type="д" Value="70" />
<adrs:Apartment Type="кв" Value="19" />
</Address>
<PositionInObject>
<Levels>
<Level Number="05" Type="01">
<Position NumberOnPlan="19">
</Position>
</Level>
</Levels>
</PositionInObject>
<CadastralCost Value="1353036.09" Unit="383" />
<Rights>
<Right>
<Name>Собственность</Name>
<Type>001001000000</Type>
<Owners>
<Owner>
<Person>
<FamilyName>Сакович</FamilyName>
<FirstName>Никита</FirstName>
<Patronymic>Игоревич</Patronymic>
</Person>
</Owner>
</Owners>
<Registration>
<RegNumber>27-27-01/055/2011-425</RegNumber>
<RegDate>2011-04-27</RegDate>
</Registration>
</Right>
</Rights>
<Encumbrances>
<Encumbrance>
<Type>022008000000</Type>
<OwnersRestrictionInFavorem>
<OwnerRestrictionInFavorem>
<Organization>
<Name>Акционерный коммерческий Сберегательный банк Российской Федерации (открытое акционерное общество)</Name>
</Organization>
</OwnerRestrictionInFavorem>
</OwnersRestrictionInFavorem>
<Registration>
<RegNumber>27-27-01/055/2011-425</RegNumber>
<RegDate>2011-04-27</RegDate>
</Registration>
</Encumbrance>
</Encumbrances>
</Flat>
</Realty>
<CertificationDoc>
<cer:Organization>ФГИС ЕГРН</cer:Organization>
<cer:Date>2017-09-25</cer:Date>
<cer:Number>99/2017/29068493</cer:Number>
</CertificationDoc>
<CoordSystems>
<spa:CoordSystem Name="МСК-27 зона 3" CsId="ID0" />
</CoordSystems>
<eDocument CodeType="112" Version="07" Scope="GKN">
<Sender Kod="00.0.4.195"
Name="ФГИС ЕГРН"
Region="99"
Date_Upload="2017-09-25"
Appointment="Государственный регистратор"
/>
<Recipient Kod="00.0.4.111" Name="Колонтаева Наталья Владимировна" />
</eDocument>
<ReestrExtract>
<DeclarAttribute ID_KUVI="0"
ExtractTypeCode="012000"
ExtractTypeText="Выписка из Единого государственного реестра недвижимости об объекте недвижимости"
ExtractNumber="99/2017/29068493"
ExtractDate="25.09.2017"
RequeryNumber="80-15670579"
RequeryDate="25.09.2017"
ExtractCount="1"
NoticeCount="0"
RefuseCount="0"
Registrator="ФГИС ЕГРН">
<ReceivName>Колонтаева Наталья Владимировна</ReceivName>
<ReceivAdress>не указан</ReceivAdress>
</DeclarAttribute>
<ExtractObjectRight>
<HeadContent>
<ID_REC_KUVI>0</ID_REC_KUVI>
<Title>ФЕДЕРАЛЬНАЯ СЛУЖБА ГОСУДАРСТВЕННОЙ РЕГИСТРАЦИИ, КАДАСТРА И КАРТОГРАФИИ</Title>
<DeptName>ФГИС ЕГРН</DeptName>
<ExtractTitle>Выписка из Единого государственного реестра недвижимости об объекте недвижимости</ExtractTitle>
<Content>На основании запроса от 25.09.2017 г., поступившего на рассмотрение 25.09.2017 г., сообщаем, что согласно записям Единого государственного реестра недвижимости:</Content>
</HeadContent>
<ExtractObject>
<ObjectRight>
<Right RightNumber="1">
<Owner >
<ID_Subject>134395278627</ID_Subject>
<Person>
<Code_SP>007003000000</Code_SP>
<Content>Сакович Никита Игоревич</Content>
<FIO>
<Surname>Сакович</Surname>
<First>Никита</First>
<Patronymic>Игоревич</Patronymic>
</FIO>
</Person>
</Owner>
<Registration >
<ID_Record>134395278127</ID_Record>
<RegNumber>27-27-01/055/2011-425</RegNumber>
<Type>001001000000</Type>
<Name>Собственность, № 27-27-01/055/2011-425 от 27.04.2011</Name>
<RegDate>27.04.2011</RegDate>
</Registration>
<Encumbrance>
<ID_Record>134395279427</ID_Record>
<RegNumber>27-27-01/055/2011-425</RegNumber>
<Type>022008000000</Type>
<Name>Залог в силу закона</Name>
<ShareText>Хабаровский край, г.Хабаровск, ул.Союзная, д.70, кв.19,усл.№ 27-27-01/055/2011-423,Квартира, назначение: жилое, общая площадь 31,3 кв. м, этаж 5
</ShareText>
<RegDate>27.04.2011</RegDate>
<Duration>
<Started>27.04.2011</Started>
<Term>с 27.04.2011 на 240 месяцев</Term>
</Duration>
<Owner >
<ID_Subject>132674585927</ID_Subject>
<Organization>
<Code_SP>007002000000</Code_SP>
<Content>Публичное акционерное общество &quot;Сбербанк России&quot;, ИНН: 7707083893</Content>
<Name>Публичное акционерное общество &quot;Сбербанк России&quot;</Name>
<INN>7707083893</INN>
</Organization>
</Owner>
<DocFound>
<ID_Document>134395277827</ID_Document>
<Content>Договор купли-продажи oт 23.04.2011, дата регистрации 27.04.2011, №27-27-01/055/2011-424</Content>
<Type_Document>010003007000</Type_Document>
<Name>Договор купли-продажи</Name>
<Number>б/н</Number>
<Date>23.04.2011</Date>
</DocFound>
</Encumbrance>
</Right>
<NoShareHolding>не зарегистрировано</NoShareHolding>
</ObjectRight>
<RightAssert>данные отсутствуют</RightAssert>
<RightClaim>данные отсутствуют</RightClaim>
<RightAgainst>данные отсутствуют</RightAgainst>
<RightSteal>данные отсутствуют</RightSteal>
<WithoutThirdParty>данные отсутствуют</WithoutThirdParty>
<InabilityRegWithoutOwner></InabilityRegWithoutOwner>
<InabilityRegZU></InabilityRegZU>
</ExtractObject>
<InfoENK/>
<InfoPIK/>
<FootContent>
<Recipient>Колонтаева Наталья Владимировна</Recipient>
<ExtractDate>25.09.2017</ExtractDate>
<Content></Content>
</FootContent>
</ExtractObjectRight>
</ReestrExtract>
</KPOKS>