<?xml version="1.0" encoding="UTF-8" ?>
<?xml-stylesheet type="text/xsl" href="https://portal.rosreestr.ru/xsl/EGRP/Reestr_Extract_Big/ROOM/07/Common.xsl"?>

<KPOKS xmlns="urn://x-artefacts-rosreestr-ru/outgoing/kpoks/4.0.1"
xmlns:smev="urn://x-artefacts-smev-gov-ru/supplementary/commons/1.0.1"
xmlns:num="urn://x-artefacts-rosreestr-ru/commons/complex-types/numbers/1.0"
xmlns:adrs="urn://x-artefacts-rosreestr-ru/commons/complex-types/address-output/4.0.1"
xmlns:spa="urn://x-artefacts-rosreestr-ru/commons/complex-types/entity-spatial/5.0.1"
xmlns:param="urn://x-artefacts-rosreestr-ru/commons/complex-types/parameters-oks/2.0.1"
xmlns:cer="urn://x-artefacts-rosreestr-ru/commons/complex-types/certification-doc/1.0"
xmlns:doc="urn://x-artefacts-rosreestr-ru/commons/complex-types/document-output/4.0.1"
xmlns:flat="urn://x-artefacts-rosreestr-ru/commons/complex-types/assignation-flat/1.0.1"
xmlns:ch="urn://x-artefacts-rosreestr-ru/commons/complex-types/cultural-heritage/2.0.1">
<Realty>
<Flat CadastralNumber="27:23:0050722:371" State="01"
DateCreated="2012-06-28"
>
<CadastralBlock>27:23:0050722</CadastralBlock>
<ObjectType>002001003000</ObjectType>
<ParentCadastralNumbers>
<CadastralNumberOKS>27:23:0050722:34</CadastralNumberOKS>
</ParentCadastralNumbers>
<OldNumbers>
<num:OldNumber Type="01" Number="11894" />
</OldNumbers>
<Assignation>
<flat:AssignationCode>206002000000</flat:AssignationCode>
<flat:AssignationType>205001000000</flat:AssignationType>
</Assignation>
<Area>55.4</Area>
<Address>
<adrs:OKATO>08401365000</adrs:OKATO>
<adrs:KLADR>27000001000084900</adrs:KLADR>
<adrs:Region>27</adrs:Region>
<adrs:City Name="Хабаровск" Type="г" />
<adrs:Street Name="Суворова" Type="ул" />
<adrs:Level1 Type="д" Value="10" />
<adrs:Apartment Type="кв" Value="73" />
</Address>
<PositionInObject>
<Levels>
<Level Number="04" Type="01">
<Position NumberOnPlan="73">
</Position>
</Level>
</Levels>
</PositionInObject>
<CadastralCost Value="2394830.65" Unit="383" />
<Rights>
<Right>
<Name>Общая совместная собственность</Name>
<Type>001003000000</Type>
<Owners>
<Owner>
<Person>
<FamilyName>Дунин-Жуковский</FamilyName>
<FirstName>Антон</FirstName>
<Patronymic>Дмитриевич</Patronymic>
</Person>
</Owner>
<Owner>
<Person>
<FamilyName>Дунина-Жуковская</FamilyName>
<FirstName>Екатерина</FirstName>
<Patronymic>Сергеевна</Patronymic>
</Person>
</Owner>
</Owners>
<Registration>
<RegNumber>27-27/001-27/074/204/2015-4238/5</RegNumber>
<RegDate>2015-11-12</RegDate>
</Registration>
</Right>
</Rights>
<Encumbrances>
<Encumbrance>
<Type>022008000000</Type>
<OwnersRestrictionInFavorem>
<OwnerRestrictionInFavorem>
<Organization>
<Name>Банк ВТБ 24 (публичное акционерное общество)</Name>
</Organization>
</OwnerRestrictionInFavorem>
</OwnersRestrictionInFavorem>
<Registration>
<RegNumber>27-27/001-27/074/204/2015-4246/1</RegNumber>
<RegDate>2015-11-12</RegDate>
</Registration>
</Encumbrance>
</Encumbrances>
</Flat>
</Realty>
<CertificationDoc>
<cer:Organization>ФГИС ЕГРН</cer:Organization>
<cer:Date>2017-09-25</cer:Date>
<cer:Number>99/2017/29065542</cer:Number>
</CertificationDoc>
<CoordSystems>
<spa:CoordSystem Name="МСК-27 зона 3" CsId="ID0" />
</CoordSystems>
<eDocument CodeType="112" Version="07" Scope="GKN">
<Sender Kod="00.0.4.195"
Name="ФГИС ЕГРН"
Region="99"
Date_Upload="2017-09-25"
Appointment="Государственный регистратор"
/>
<Recipient Kod="00.0.4.111" Name="Колонтаева Наталья Владимировна" />
</eDocument>
<ReestrExtract>
<DeclarAttribute ID_KUVI="0"
ExtractTypeCode="012000"
ExtractTypeText="Выписка из Единого государственного реестра недвижимости об объекте недвижимости"
ExtractNumber="99/2017/29065542"
ExtractDate="25.09.2017"
RequeryNumber="80-15667834"
RequeryDate="25.09.2017"
ExtractCount="1"
NoticeCount="0"
RefuseCount="0"
Registrator="ФГИС ЕГРН">
<ReceivName>Колонтаева Наталья Владимировна</ReceivName>
<ReceivAdress>не указан</ReceivAdress>
</DeclarAttribute>
<ExtractObjectRight>
<HeadContent>
<ID_REC_KUVI>0</ID_REC_KUVI>
<Title>ФЕДЕРАЛЬНАЯ СЛУЖБА ГОСУДАРСТВЕННОЙ РЕГИСТРАЦИИ, КАДАСТРА И КАРТОГРАФИИ</Title>
<DeptName>ФГИС ЕГРН</DeptName>
<ExtractTitle>Выписка из Единого государственного реестра недвижимости об объекте недвижимости</ExtractTitle>
<Content>На основании запроса от 25.09.2017 г., поступившего на рассмотрение 25.09.2017 г., сообщаем, что согласно записям Единого государственного реестра недвижимости:</Content>
</HeadContent>
<ExtractObject>
<ObjectRight>
<Right RightNumber="1">
<Owner >
<ID_Subject>138692292727</ID_Subject>
<Person>
<Code_SP>007003000000</Code_SP>
<Content>Дунина-Жуковская Екатерина Сергеевна</Content>
<FIO>
<Surname>Дунина-Жуковская</Surname>
<First>Екатерина</First>
<Patronymic>Сергеевна</Patronymic>
</FIO>
</Person>
</Owner>
<Owner >
<ID_Subject>138692292327</ID_Subject>
<Person>
<Code_SP>007003000000</Code_SP>
<Content>Дунин-Жуковский Антон Дмитриевич</Content>
<FIO>
<Surname>Дунин-Жуковский</Surname>
<First>Антон</First>
<Patronymic>Дмитриевич</Patronymic>
</FIO>
</Person>
</Owner>
<Registration >
<ID_Record>138692291827</ID_Record>
<RegNumber>27-27/001-27/074/204/2015-4238/5</RegNumber>
<Type>001003000000</Type>
<Name>Совместная собственность, № 27-27/001-27/074/204/2015-4238/5 от 12.11.2015</Name>
<RegDate>12.11.2015</RegDate>
</Registration>
<Encumbrance>
<ID_Record>138692297927</ID_Record>
<RegNumber>27-27/001-27/074/204/2015-4246/1</RegNumber>
<Type>022008000000</Type>
<Name>Залог в силу закона</Name>
<ShareText>весь объект
</ShareText>
<RegDate>12.11.2015</RegDate>
<Duration>
<Started>12.11.2015</Started>
<Term>с 12.11.2015 на 242 месяца</Term>
</Duration>
<Owner >
<ID_Subject>18224350127</ID_Subject>
<Organization>
<Code_SP>007002000000</Code_SP>
<Content>Банк ВТБ 24 (публичное акционерное общество), ИНН: 7710353606</Content>
<Name>Банк ВТБ 24 (публичное акционерное общество)</Name>
<INN>7710353606</INN>
</Organization>
</Owner>
<DocFound>
<ID_Document>138692287727</ID_Document>
<Content>Договор купли-продажи объекта недвижимости с использованием кредитных средств oт 09.11.2015</Content>
<Type_Document>010003007000</Type_Document>
<Name>Договор купли-продажи объекта недвижимости с использованием кредитных средств</Name>
<Number>б/н</Number>
<Date>09.11.2015</Date>
</DocFound>
</Encumbrance>
</Right>
<NoShareHolding>не зарегистрировано</NoShareHolding>
</ObjectRight>
<RightAssert>данные отсутствуют</RightAssert>
<RightClaim>данные отсутствуют</RightClaim>
<RightAgainst>данные отсутствуют</RightAgainst>
<RightSteal>данные отсутствуют</RightSteal>
<WithoutThirdParty>данные отсутствуют</WithoutThirdParty>
<InabilityRegWithoutOwner></InabilityRegWithoutOwner>
<InabilityRegZU></InabilityRegZU>
</ExtractObject>
<InfoENK/>
<InfoPIK/>
<FootContent>
<Recipient>Колонтаева Наталья Владимировна</Recipient>
<ExtractDate>25.09.2017</ExtractDate>
<Content></Content>
</FootContent>
</ExtractObjectRight>
</ReestrExtract>
</KPOKS>