<?xml version="1.0" encoding="UTF-8" ?>
<?xml-stylesheet type="text/xsl" href="https://portal.rosreestr.ru/xsl/EGRP/Reestr_Extract_Big/ROOM/07/Common.xsl"?>

<KPOKS xmlns="urn://x-artefacts-rosreestr-ru/outgoing/kpoks/4.0.1"
xmlns:smev="urn://x-artefacts-smev-gov-ru/supplementary/commons/1.0.1"
xmlns:num="urn://x-artefacts-rosreestr-ru/commons/complex-types/numbers/1.0"
xmlns:adrs="urn://x-artefacts-rosreestr-ru/commons/complex-types/address-output/4.0.1"
xmlns:spa="urn://x-artefacts-rosreestr-ru/commons/complex-types/entity-spatial/5.0.1"
xmlns:param="urn://x-artefacts-rosreestr-ru/commons/complex-types/parameters-oks/2.0.1"
xmlns:cer="urn://x-artefacts-rosreestr-ru/commons/complex-types/certification-doc/1.0"
xmlns:doc="urn://x-artefacts-rosreestr-ru/commons/complex-types/document-output/4.0.1"
xmlns:flat="urn://x-artefacts-rosreestr-ru/commons/complex-types/assignation-flat/1.0.1"
xmlns:ch="urn://x-artefacts-rosreestr-ru/commons/complex-types/cultural-heritage/2.0.1">
<Realty>
<Flat CadastralNumber="27:23:0051202:66" State="01"
DateCreated="2012-06-28"
>
<CadastralBlock>27:23:0050732</CadastralBlock>
<ObjectType>002001003000</ObjectType>
<ParentCadastralNumbers>
<CadastralNumberOKS>27:23:0051202:62</CadastralNumberOKS>
</ParentCadastralNumbers>
<OldNumbers>
<num:OldNumber Type="01" Number="12154" />
</OldNumbers>
<Assignation>
<flat:AssignationCode>206002000000</flat:AssignationCode>
<flat:AssignationType>205001000000</flat:AssignationType>
</Assignation>
<Area>42.3</Area>
<Address>
<adrs:OKATO>08401365000</adrs:OKATO>
<adrs:KLADR>27000001000040700</adrs:KLADR>
<adrs:Region>27</adrs:Region>
<adrs:City Name="Хабаровск" Type="г" />
<adrs:UrbanDistrict Name="Индустриальный" Type="р-н" />
<adrs:Street Name="Краснореченская" Type="ул" />
<adrs:Level1 Type="д" Value="9" />
<adrs:Apartment Type="кв" Value="4" />
</Address>
<PositionInObject>
<Levels>
<Level Number="02" Type="01">
<Position NumberOnPlan="4">
</Position>
</Level>
</Levels>
</PositionInObject>
<CadastralCost Value="1868517.9" Unit="383" />
<Rights>
<Right>
<Name>Собственность</Name>
<Type>001001000000</Type>
<Owners>
<Owner>
<Person>
<FamilyName>Гнатко</FamilyName>
<FirstName>Жанна</FirstName>
<Patronymic>Алексеевна</Patronymic>
</Person>
</Owner>
</Owners>
<Registration>
<RegNumber>27:23:0051202:66-27/001/2017-3</RegNumber>
<RegDate>2017-06-14</RegDate>
</Registration>
</Right>
</Rights>
<Encumbrances>
<Encumbrance>
<Type>022008000000</Type>
<OwnersRestrictionInFavorem>
<OwnerRestrictionInFavorem>
<Governance>
<Name>Российская Федерация</Name>
</Governance>
</OwnerRestrictionInFavorem>
</OwnersRestrictionInFavorem>
<Registration>
<RegNumber>27:23:0051202:66-27/001/2017-5</RegNumber>
<RegDate>2017-06-14</RegDate>
</Registration>
</Encumbrance>
<Encumbrance>
<Type>022008000000</Type>
<OwnersRestrictionInFavorem>
<OwnerRestrictionInFavorem>
<Organization>
<Name>Публичное акционерное общество &quot;Сбербанк России&quot;</Name>
</Organization>
</OwnerRestrictionInFavorem>
</OwnersRestrictionInFavorem>
<Registration>
<RegNumber>27:23:0051202:66-27/001/2017-4</RegNumber>
<RegDate>2017-06-14</RegDate>
</Registration>
</Encumbrance>
</Encumbrances>
<Notes>Произведена реконструкция (возведение балкона) (технический паспорт от 11.11.2008 №б/н).
Общая площадь дана за исключением площади балконов, лоджий, веранд и террас (ст.15 ЖК РФ).</Notes>
</Flat>
</Realty>
<CertificationDoc>
<cer:Organization>ФГИС ЕГРН</cer:Organization>
<cer:Date>2017-09-25</cer:Date>
<cer:Number>99/2017/29103635</cer:Number>
</CertificationDoc>
<CoordSystems>
<spa:CoordSystem Name="МСК-27 зона 3" CsId="ID0" />
</CoordSystems>
<eDocument CodeType="112" Version="07" Scope="GKN">
<Sender Kod="00.0.4.195"
Name="ФГИС ЕГРН"
Region="99"
Date_Upload="2017-09-25"
Appointment="Государственный регистратор"
/>
<Recipient Kod="00.0.4.111" Name="Колонтаева Наталья Владимировна" />
</eDocument>
<ReestrExtract>
<DeclarAttribute ID_KUVI="0"
ExtractTypeCode="012000"
ExtractTypeText="Выписка из Единого государственного реестра недвижимости об объекте недвижимости"
ExtractNumber="99/2017/29103635"
ExtractDate="25.09.2017"
RequeryNumber="80-15724516"
RequeryDate="25.09.2017"
ExtractCount="1"
NoticeCount="0"
RefuseCount="0"
Registrator="ФГИС ЕГРН">
<ReceivName>Колонтаева Наталья Владимировна</ReceivName>
<ReceivAdress>не указан</ReceivAdress>
</DeclarAttribute>
<ExtractObjectRight>
<HeadContent>
<ID_REC_KUVI>0</ID_REC_KUVI>
<Title>ФЕДЕРАЛЬНАЯ СЛУЖБА ГОСУДАРСТВЕННОЙ РЕГИСТРАЦИИ, КАДАСТРА И КАРТОГРАФИИ</Title>
<DeptName>ФГИС ЕГРН</DeptName>
<ExtractTitle>Выписка из Единого государственного реестра недвижимости об объекте недвижимости</ExtractTitle>
<Content>На основании запроса от 25.09.2017 г., поступившего на рассмотрение 25.09.2017 г., сообщаем, что согласно записям Единого государственного реестра недвижимости:</Content>
</HeadContent>
<ExtractObject>
<ObjectRight>
<Right RightNumber="1">
<Owner >
<ID_Subject>137039821027</ID_Subject>
<Person>
<Code_SP>007003000000</Code_SP>
<Content>Гнатко Жанна Алексеевна</Content>
<FIO>
<Surname>Гнатко</Surname>
<First>Жанна</First>
<Patronymic>Алексеевна</Patronymic>
</FIO>
</Person>
</Owner>
<Registration >
<ID_Record>137039820427</ID_Record>
<RegNumber>27:23:0051202:66-27/001/2017-3</RegNumber>
<Type>001001000000</Type>
<Name>Собственность, № 27:23:0051202:66-27/001/2017-3 от 14.06.2017</Name>
<RegDate>14.06.2017</RegDate>
</Registration>
<Encumbrance>
<ID_Record>137039822027</ID_Record>
<RegNumber>27:23:0051202:66-27/001/2017-4</RegNumber>
<Type>022008000000</Type>
<Name>Залог в силу закона</Name>
<ShareText>весь объект
</ShareText>
<RegDate>14.06.2017</RegDate>
<Duration>
<Started>14.06.2017</Started>
<Stopped>29.02.2024</Stopped>
<Term>с 14.06.2017 по 29.02.2024</Term>
</Duration>
<Owner >
<ID_Subject>134202278827</ID_Subject>
<Organization>
<Code_SP>007002000000</Code_SP>
<Content>Публичное акционерное общество &quot;Сбербанк России&quot;, ИНН: 7707083893</Content>
<Name>Публичное акционерное общество &quot;Сбербанк России&quot;</Name>
<INN>7707083893</INN>
</Organization>
</Owner>
<DocFound>
<ID_Document>137039818327</ID_Document>
<Content>Договор купли-продажи oт 09.06.2017, удостоверил нотариус Красиков Александр Алексеевич 09.06.2017, реестровый номер 1494</Content>
<Type_Document>010003007000</Type_Document>
<Name>Договор купли-продажи</Name>
<Number>б/н</Number>
<Date>09.06.2017</Date>
</DocFound>
</Encumbrance>
<Encumbrance>
<ID_Record>137039822427</ID_Record>
<RegNumber>27:23:0051202:66-27/001/2017-5</RegNumber>
<Type>022008000000</Type>
<Name>Залог в силу закона</Name>
<ShareText>весь объект
</ShareText>
<RegDate>14.06.2017</RegDate>
<Duration>
<Started>14.06.2017</Started>
<Term>с 14.06.2017 до полного исполнения обязательств по договору целевого жилищного займа oт 14.04.2017 №1701/00251561</Term>
</Duration>
<Owner >
<ID_Subject>16261429627</ID_Subject>
<Governance>
<Code_SP>007001000000</Code_SP>
<Content>Российская Федерация</Content>
<Name>Российская Федерация</Name>
<OKATO_Code>08255000000</OKATO_Code>
<Country>Российская Федерация</Country>
<Address>Хабаровский край, г.Хабаровск</Address>
</Governance>
</Owner>
<DocFound>
<ID_Document>137039822627</ID_Document>
<Content>Договор целевого жилищного займа oт 14.04.2017 №1701/00251561</Content>
<Type_Document>010003016000</Type_Document>
<Name>Договор целевого жилищного займа</Name>
<Number>1701/00251561</Number>
<Date>14.04.2017</Date>
</DocFound>
<DocFound>
<ID_Document>137039818327</ID_Document>
<Content>Договор купли-продажи oт 09.06.2017, удостоверил нотариус Красиков Александр Алексеевич 09.06.2017, реестровый номер 1494</Content>
<Type_Document>010003007000</Type_Document>
<Name>Договор купли-продажи</Name>
<Number>б/н</Number>
<Date>09.06.2017</Date>
</DocFound>
</Encumbrance>
</Right>
<NoShareHolding>не зарегистрировано</NoShareHolding>
</ObjectRight>
<RightAssert>данные отсутствуют</RightAssert>
<RightClaim>данные отсутствуют</RightClaim>
<RightAgainst>данные отсутствуют</RightAgainst>
<RightSteal>данные отсутствуют</RightSteal>
<WithoutThirdParty>данные отсутствуют</WithoutThirdParty>
<InabilityRegWithoutOwner></InabilityRegWithoutOwner>
<InabilityRegZU></InabilityRegZU>
</ExtractObject>
<InfoENK/>
<InfoPIK/>
<FootContent>
<Recipient>Колонтаева Наталья Владимировна</Recipient>
<ExtractDate>25.09.2017</ExtractDate>
<Content></Content>
</FootContent>
</ExtractObjectRight>
</ReestrExtract>
</KPOKS>