<?xml version="1.0" encoding="UTF-8" ?>
<?xml-stylesheet type="text/xsl" href="https://portal.rosreestr.ru/xsl/EGRP/Reestr_Extract_Big/ROOM/07/Common.xsl"?>

<KPOKS xmlns="urn://x-artefacts-rosreestr-ru/outgoing/kpoks/4.0.1"
xmlns:smev="urn://x-artefacts-smev-gov-ru/supplementary/commons/1.0.1"
xmlns:num="urn://x-artefacts-rosreestr-ru/commons/complex-types/numbers/1.0"
xmlns:adrs="urn://x-artefacts-rosreestr-ru/commons/complex-types/address-output/4.0.1"
xmlns:spa="urn://x-artefacts-rosreestr-ru/commons/complex-types/entity-spatial/5.0.1"
xmlns:param="urn://x-artefacts-rosreestr-ru/commons/complex-types/parameters-oks/2.0.1"
xmlns:cer="urn://x-artefacts-rosreestr-ru/commons/complex-types/certification-doc/1.0"
xmlns:doc="urn://x-artefacts-rosreestr-ru/commons/complex-types/document-output/4.0.1"
xmlns:flat="urn://x-artefacts-rosreestr-ru/commons/complex-types/assignation-flat/1.0.1"
xmlns:ch="urn://x-artefacts-rosreestr-ru/commons/complex-types/cultural-heritage/2.0.1">
<Realty>
<Flat CadastralNumber="27:23:0050732:110" State="01"
DateCreated="2012-06-28"
>
<CadastralBlock>27:23:0050732</CadastralBlock>
<ObjectType>002001003000</ObjectType>
<ParentCadastralNumbers>
<CadastralNumberOKS>27:23:0050732:60</CadastralNumberOKS>
</ParentCadastralNumbers>
<OldNumbers>
<num:OldNumber Type="01" Number="12151" />
</OldNumbers>
<Assignation>
<flat:AssignationCode>206002000000</flat:AssignationCode>
<flat:AssignationType>205001000000</flat:AssignationType>
</Assignation>
<Area>55.4</Area>
<Address>
<adrs:OKATO>08401365000</adrs:OKATO>
<adrs:KLADR>27000001000040700</adrs:KLADR>
<adrs:Region>27</adrs:Region>
<adrs:City Name="Хабаровск" Type="г" />
<adrs:Street Name="Краснореченская" Type="ул" />
<adrs:Level1 Type="д" Value="7" />
<adrs:Apartment Type="кв" Value="4" />
</Address>
<PositionInObject>
<Levels>
<Level Number="01" Type="01">
<Position NumberOnPlan="4">
</Position>
</Level>
</Levels>
</PositionInObject>
<CadastralCost Value="2447184.2" Unit="383" />
<Rights>
<Right>
<Name>Общая долевая собственность</Name>
<Type>001002000000</Type>
<Owners>
<Owner>
<Person>
<FamilyName>Пытченко</FamilyName>
<FirstName>Ксения</FirstName>
<Patronymic>Максимовна</Patronymic>
</Person>
</Owner>
</Owners>
<Share Numerator="3" Denominator="16" />
<Registration>
<RegNumber>27-27-01/450/2014-595</RegNumber>
<RegDate>2014-03-19</RegDate>
</Registration>
</Right>
<Right>
<Name>Общая долевая собственность</Name>
<Type>001002000000</Type>
<Owners>
<Owner>
<Person>
<FamilyName>Пытченко</FamilyName>
<FirstName>Максим</FirstName>
<Patronymic>Витальевич</Patronymic>
</Person>
</Owner>
</Owners>
<Share Numerator="7" Denominator="16" />
<Registration>
<RegNumber>27-27-01/450/2014-595</RegNumber>
<RegDate>2014-03-19</RegDate>
</Registration>
</Right>
<Right>
<Name>Общая долевая собственность</Name>
<Type>001002000000</Type>
<Owners>
<Owner>
<Person>
<FamilyName>Архипенко</FamilyName>
<FirstName>Марьянна</FirstName>
<Patronymic>Степановна</Patronymic>
</Person>
</Owner>
</Owners>
<Share Numerator="3" Denominator="16" />
<Registration>
<RegNumber>27-27-01/450/2014-595</RegNumber>
<RegDate>2014-03-19</RegDate>
</Registration>
</Right>
<Right>
<Name>Общая долевая собственность</Name>
<Type>001002000000</Type>
<Owners>
<Owner>
<Person>
<FamilyName>Архипенко</FamilyName>
<FirstName>Елена</FirstName>
<Patronymic>Леонидовна</Patronymic>
</Person>
</Owner>
</Owners>
<Share Numerator="3" Denominator="16" />
<Registration>
<RegNumber>27-27-01/450/2014-595</RegNumber>
<RegDate>2014-03-19</RegDate>
</Registration>
</Right>
</Rights>
</Flat>
</Realty>
<CertificationDoc>
<cer:Organization>ФГИС ЕГРН</cer:Organization>
<cer:Date>2017-09-25</cer:Date>
<cer:Number>99/2017/29071639</cer:Number>
</CertificationDoc>
<CoordSystems>
<spa:CoordSystem Name="МСК-27 зона 3" CsId="ID0" />
</CoordSystems>
<eDocument CodeType="112" Version="07" Scope="GKN">
<Sender Kod="00.0.4.195"
Name="ФГИС ЕГРН"
Region="99"
Date_Upload="2017-09-25"
Appointment="Государственный регистратор"
/>
<Recipient Kod="00.0.4.111" Name="Колонтаева Наталья Владимировна" />
</eDocument>
<ReestrExtract>
<DeclarAttribute ID_KUVI="0"
ExtractTypeCode="012000"
ExtractTypeText="Выписка из Единого государственного реестра недвижимости об объекте недвижимости"
ExtractNumber="99/2017/29071639"
ExtractDate="25.09.2017"
RequeryNumber="80-15673487"
RequeryDate="25.09.2017"
ExtractCount="1"
NoticeCount="0"
RefuseCount="0"
Registrator="ФГИС ЕГРН">
<ReceivName>Колонтаева Наталья Владимировна</ReceivName>
<ReceivAdress>не указан</ReceivAdress>
</DeclarAttribute>
<ExtractObjectRight>
<HeadContent>
<ID_REC_KUVI>0</ID_REC_KUVI>
<Title>ФЕДЕРАЛЬНАЯ СЛУЖБА ГОСУДАРСТВЕННОЙ РЕГИСТРАЦИИ, КАДАСТРА И КАРТОГРАФИИ</Title>
<DeptName>ФГИС ЕГРН</DeptName>
<ExtractTitle>Выписка из Единого государственного реестра недвижимости об объекте недвижимости</ExtractTitle>
<Content>На основании запроса от 25.09.2017 г., поступившего на рассмотрение 25.09.2017 г., сообщаем, что согласно записям Единого государственного реестра недвижимости:</Content>
</HeadContent>
<ExtractObject>
<ObjectRight>
<Right RightNumber="1">
<Owner >
<ID_Subject>128888610827</ID_Subject>
<Person>
<Code_SP>007003000000</Code_SP>
<Content>Пытченко Максим Витальевич</Content>
<FIO>
<Surname>Пытченко</Surname>
<First>Максим</First>
<Patronymic>Витальевич</Patronymic>
</FIO>
</Person>
</Owner>
<Registration >
<ID_Record>128888609827</ID_Record>
<RegNumber>27-27-01/450/2014-595</RegNumber>
<Type>001002000000</Type>
<Name>Долевая собственность, № 27-27-01/450/2014-595 от 19.03.2014, 7/16</Name>
<RegDate>19.03.2014</RegDate>
<ShareText>7/16</ShareText>
</Registration>
<NoEncumbrance>не зарегистрировано</NoEncumbrance>
</Right>
<Right RightNumber="2">
<Owner >
<ID_Subject>128888613927</ID_Subject>
<Person>
<Code_SP>007003000000</Code_SP>
<Content>Архипенко Елена Леонидовна</Content>
<FIO>
<Surname>Архипенко</Surname>
<First>Елена</First>
<Patronymic>Леонидовна</Patronymic>
</FIO>
</Person>
</Owner>
<Registration >
<ID_Record>128888613027</ID_Record>
<RegNumber>27-27-01/450/2014-595</RegNumber>
<Type>001002000000</Type>
<Name>Долевая собственность, № 27-27-01/450/2014-595 от 19.03.2014, 3/16</Name>
<RegDate>19.03.2014</RegDate>
<ShareText>3/16</ShareText>
</Registration>
<NoEncumbrance>не зарегистрировано</NoEncumbrance>
</Right>
<Right RightNumber="3">
<Owner >
<ID_Subject>128888612627</ID_Subject>
<Person>
<Code_SP>007003000000</Code_SP>
<Content>Архипенко Марьянна Степановна</Content>
<FIO>
<Surname>Архипенко</Surname>
<First>Марьянна</First>
<Patronymic>Степановна</Patronymic>
</FIO>
</Person>
</Owner>
<Registration >
<ID_Record>128888612127</ID_Record>
<RegNumber>27-27-01/450/2014-595</RegNumber>
<Type>001002000000</Type>
<Name>Долевая собственность, № 27-27-01/450/2014-595 от 19.03.2014, 3/16</Name>
<RegDate>19.03.2014</RegDate>
<ShareText>3/16</ShareText>
</Registration>
<NoEncumbrance>не зарегистрировано</NoEncumbrance>
</Right>
<Right RightNumber="4">
<Owner >
<ID_Subject>128888611727</ID_Subject>
<Person>
<Code_SP>007003000000</Code_SP>
<Content>Пытченко Ксения Максимовна</Content>
<FIO>
<Surname>Пытченко</Surname>
<First>Ксения</First>
<Patronymic>Максимовна</Patronymic>
</FIO>
</Person>
</Owner>
<Registration >
<ID_Record>128888611227</ID_Record>
<RegNumber>27-27-01/450/2014-595</RegNumber>
<Type>001002000000</Type>
<Name>Долевая собственность, № 27-27-01/450/2014-595 от 19.03.2014, 3/16</Name>
<RegDate>19.03.2014</RegDate>
<ShareText>3/16</ShareText>
</Registration>
<NoEncumbrance>не зарегистрировано</NoEncumbrance>
</Right>
<NoShareHolding>не зарегистрировано</NoShareHolding>
</ObjectRight>
<RightAssert>данные отсутствуют</RightAssert>
<RightClaim>данные отсутствуют</RightClaim>
<RightAgainst>данные отсутствуют</RightAgainst>
<RightSteal>данные отсутствуют</RightSteal>
<WithoutThirdParty>данные отсутствуют</WithoutThirdParty>
<InabilityRegWithoutOwner></InabilityRegWithoutOwner>
<InabilityRegZU></InabilityRegZU>
</ExtractObject>
<InfoENK/>
<InfoPIK/>
<FootContent>
<Recipient>Колонтаева Наталья Владимировна</Recipient>
<ExtractDate>25.09.2017</ExtractDate>
<Content></Content>
</FootContent>
</ExtractObjectRight>
</ReestrExtract>
</KPOKS>